<?xml version='1.0' encoding='UTF-8'?><?xml-stylesheet href="http://www.blogger.com/styles/atom.css" type="text/css"?><feed xmlns='http://www.w3.org/2005/Atom' xmlns:openSearch='http://a9.com/-/spec/opensearchrss/1.0/' xmlns:blogger='http://schemas.google.com/blogger/2008' xmlns:georss='http://www.georss.org/georss' xmlns:gd="http://schemas.google.com/g/2005" xmlns:thr='http://purl.org/syndication/thread/1.0'><id>tag:blogger.com,1999:blog-729673896444143752</id><updated>2020-07-21T23:14:27.093-07:00</updated><category term="News"/><category term="Mobile"/><category term="Smartphone"/><category term="Spesification"/><title type='text'>APP BUSINESS v2.00</title><subtitle type='html'>app Landing lorem ipsum is simply dummy</subtitle><link rel='http://schemas.google.com/g/2005#feed' type='application/atom+xml' href='https://appbusiness-goomsite.blogspot.com/feeds/posts/default'/><link rel='self' type='application/atom+xml' href='https://www.blogger.com/feeds/729673896444143752/posts/default?alt=atom&amp;max-results=500&amp;redirect=false'/><link rel='alternate' type='text/html' href='https://appbusiness-goomsite.blogspot.com/'/><link rel='hub' href='http://pubsubhubbub.appspot.com/'/><author><name>Basri Matindas</name><uri>http://www.blogger.com/profile/00293032280283089238</uri><email>noreply@blogger.com</email><gd:image rel='http://schemas.google.com/g/2005#thumbnail' width='32' height='32' src='//2.bp.blogspot.com/-A7aQWsTMpsY/XKIAMP5dEiI/AAAAAAAAACg/REaGdAdEAzw544BkRQ0zhu1uNN8lQH_RgCK4BGAYYCw/s113/h.png'/></author><generator version='7.00' uri='http://www.blogger.com'>Blogger</generator><openSearch:totalResults>9</openSearch:totalResults><openSearch:startIndex>1</openSearch:startIndex><openSearch:itemsPerPage>500</openSearch:itemsPerPage><entry><id>tag:blogger.com,1999:blog-729673896444143752.post-2869826503509747228</id><published>2019-04-25T01:38:00.000-07:00</published><updated>2019-04-25T01:38:12.322-07:00</updated><category scheme="http://www.blogger.com/atom/ns#" term="Mobile"/><category scheme="http://www.blogger.com/atom/ns#" term="News"/><category scheme="http://www.blogger.com/atom/ns#" term="Smartphone"/><title type='text'>How to make your cellphone get faster with this application</title><content type='html'>Quis autem vel eum iure reprehenderit qui in ea voluptate velit esse quam nihil molestiae consequatur, vel illum qui dolorem eum fugiat quo voluptas nulla pariatur. Temporibus autem quibusdam et aut officiis debitis aut rerum necessitatibus saepe eveniet ut et voluptates repudiandae sint et molestiae non recusandae. Itaque earum rerum hic tenetur a sapiente delectus, ut aut reiciendis voluptatibus maiores alias consequatur aut perferendis doloribus asperiores repellat.&lt;br /&gt;&lt;br /&gt;&lt;div class=&quot;separator&quot; style=&quot;clear: both; text-align: center;&quot;&gt;&lt;a href=&quot;https://4.bp.blogspot.com/-sieLTPk6f-w/XMFx7lsmgaI/AAAAAAAAASg/1u4UkZmVJGQgizyAyuE08bgezz9nF8tEQCLcBGAs/s1600/7.jpg&quot; imageanchor=&quot;1&quot; style=&quot;margin-left: 1em; margin-right: 1em;&quot;&gt;&lt;img border=&quot;0&quot; data-original-height=&quot;265&quot; data-original-width=&quot;400&quot; height=&quot;212&quot; src=&quot;https://4.bp.blogspot.com/-sieLTPk6f-w/XMFx7lsmgaI/AAAAAAAAASg/1u4UkZmVJGQgizyAyuE08bgezz9nF8tEQCLcBGAs/s320/7.jpg&quot; width=&quot;320&quot; /&gt;&lt;/a&gt;&lt;/div&gt;&lt;div class=&quot;separator&quot; style=&quot;clear: both; text-align: center;&quot;&gt;&lt;/div&gt;&lt;br /&gt;Neque porro quisquam est, qui dolorem ipsum quia dolor sit amet, consectetur, adipisci velit, sed quia non numquam eius modi tempora incidunt ut labore et dolore magnam aliquam quaerat voluptatem. Ut enim ad minima veniam, quis nostrum exercitationem ullam corporis suscipit laboriosam, nisi ut aliquid ex ea commodi consequatur.&lt;br /&gt;&lt;br /&gt;&lt;blockquote&gt;Cras nibh orci, molestie non orci et, porta blandit velit. Aenean auctor scelerisque erat, at viverra ex. Suspendisse potenti. Praesent sed purus a nibh rutrum ornare et interdum nunc.&lt;/blockquote&gt;At vero eos et accusamus et iusto odio dignissimos ducimus qui blanditiis praesentium voluptatum deleniti atque corrupti quos dolores et quas molestias excepturi sint occaecati cupiditate non provident, similique sunt in culpa qui officia deserunt mollitia animi, id est laborum et dolorum fuga.&lt;br /&gt;&lt;br /&gt;&lt;h3&gt;&lt;strong&gt;Voluptatem quia voluptas sit aspernatur.&lt;/strong&gt;&lt;/h3&gt;Lorem ipsum dolor sit amet, consectetur adipisicing elit, sed do eiusmod tempor incididunt ut labore et dolore magna aliqua. Ut enim ad minim veniam, quis nostrud exercitation ullamco laboris nisi ut aliquip ex ea commodo consequat.  Nemo enim ipsam voluptatem quia voluptas sit aspernatur aut odit aut fugit, sed quia consequuntur magni dolores eos qui ratione voluptatem sequi nesciunt.  Et harum quidem rerum facilis est et expedita distinctio. Nam libero tempore, cum soluta nobis est eligendi optio cumque nihil impedit quo minus id quod maxime placeat facere possimus, omnis voluptas assumenda est, omnis dolor repellendus.&lt;br /&gt;&lt;br /&gt;&lt;h3&gt;Proin facilisis justo odio, eget porta nisi&lt;/h3&gt;&lt;ul style=&quot;text-align: left;&quot;&gt;&lt;li&gt;Vestibulum eu porta augue.&amp;nbsp;&lt;/li&gt;&lt;li&gt;Pellentesque at suscipit justo.&amp;nbsp;&lt;/li&gt;&lt;li&gt;Cras tempus in tortor malesuada euismod.&amp;nbsp;&lt;/li&gt;&lt;li&gt;Vivamus sit amet augue et leo pellentesque euismod.&lt;/li&gt;&lt;/ul&gt;&lt;br /&gt;Lorem ipsum dolor sit amet, consectetur adipisicing elit, sed do eiusmod tempor incididunt ut labore et dolore magna aliqua. Ut enim ad minim veniam, quis nostrud exercitation ullamco laboris nisi ut aliquip ex ea commodo consequat. Nemo enim ipsam voluptatem quia voluptas sit aspernatur aut odit aut fugit, sed quia consequuntur magni dolores eos qui ratione voluptatem sequi nesciunt.&lt;br /&gt;&lt;br /&gt;&lt;h3&gt;Proin facilisis justo odio, eget porta nisi&lt;/h3&gt;&lt;ol style=&quot;text-align: left;&quot;&gt;&lt;li&gt;Vestibulum eu porta augue.&amp;nbsp;&lt;/li&gt;&lt;li&gt;Pellentesque at suscipit justo.&amp;nbsp;&lt;/li&gt;&lt;li&gt;Cras tempus in tortor malesuada euismod.&amp;nbsp;&lt;/li&gt;&lt;li&gt;Vivamus sit amet augue et leo pellentesque euismod.&lt;/li&gt;&lt;/ol&gt;&lt;br /&gt;Nemo enim ipsam voluptatem quia voluptas sit aspernatur aut odit aut fugit, sed quia consequuntur magni dolores eos qui ratione voluptatem sequi nesciunt. Et harum quidem rerum facilis est et expedita distinctio. Nam libero tempore, cum soluta nobis est eligendi optio cumque nihil impedit quo minus id quod maxime placeat facere possimus, omnis voluptas assumenda est, omnis dolor repellendus. </content><link rel='replies' type='application/atom+xml' href='https://appbusiness-goomsite.blogspot.com/feeds/2869826503509747228/comments/default' title='Post Comments'/><link rel='replies' type='text/html' href='https://appbusiness-goomsite.blogspot.com/2019/04/how-to-make-your-cellphone-get-faster.html#comment-form' title='3 Comments'/><link rel='edit' type='application/atom+xml' href='https://www.blogger.com/feeds/729673896444143752/posts/default/2869826503509747228'/><link rel='self' type='application/atom+xml' href='https://www.blogger.com/feeds/729673896444143752/posts/default/2869826503509747228'/><link rel='alternate' type='text/html' href='https://appbusiness-goomsite.blogspot.com/2019/04/how-to-make-your-cellphone-get-faster.html' title='How to make your cellphone get faster with this application'/><author><name>Basri Matindas</name><uri>http://www.blogger.com/profile/00293032280283089238</uri><email>noreply@blogger.com</email><gd:image rel='http://schemas.google.com/g/2005#thumbnail' width='32' height='32' src='//2.bp.blogspot.com/-A7aQWsTMpsY/XKIAMP5dEiI/AAAAAAAAACg/REaGdAdEAzw544BkRQ0zhu1uNN8lQH_RgCK4BGAYYCw/s113/h.png'/></author><media:thumbnail xmlns:media="http://search.yahoo.com/mrss/" url="https://4.bp.blogspot.com/-sieLTPk6f-w/XMFx7lsmgaI/AAAAAAAAASg/1u4UkZmVJGQgizyAyuE08bgezz9nF8tEQCLcBGAs/s72-c/7.jpg" height="72" width="72"/><thr:total>3</thr:total></entry><entry><id>tag:blogger.com,1999:blog-729673896444143752.post-5271996691322259180</id><published>2019-04-25T01:35:00.003-07:00</published><updated>2019-04-25T01:36:23.157-07:00</updated><category scheme="http://www.blogger.com/atom/ns#" term="News"/><category scheme="http://www.blogger.com/atom/ns#" term="Smartphone"/><category scheme="http://www.blogger.com/atom/ns#" term="Spesification"/><title type='text'>Business Structured are changed Developer</title><content type='html'>Quis autem vel eum iure reprehenderit qui in ea voluptate velit esse quam nihil molestiae consequatur, vel illum qui dolorem eum fugiat quo voluptas nulla pariatur. Temporibus autem quibusdam et aut officiis debitis aut rerum necessitatibus saepe eveniet ut et voluptates repudiandae sint et molestiae non recusandae. Itaque earum rerum hic tenetur a sapiente delectus, ut aut reiciendis voluptatibus maiores alias consequatur aut perferendis doloribus asperiores repellat.&lt;br /&gt;&lt;br /&gt;&lt;div class=&quot;separator&quot; style=&quot;clear: both; text-align: center;&quot;&gt;&lt;a href=&quot;https://2.bp.blogspot.com/-CWOURTS4w-M/XMFxgr6GokI/AAAAAAAAASY/OfljlGWTNFUaTr60Jmp7rSHlhCevfYQCgCLcBGAs/s1600/3.jpg&quot; imageanchor=&quot;1&quot; style=&quot;margin-left: 1em; margin-right: 1em;&quot;&gt;&lt;img border=&quot;0&quot; data-original-height=&quot;267&quot; data-original-width=&quot;400&quot; height=&quot;213&quot; src=&quot;https://2.bp.blogspot.com/-CWOURTS4w-M/XMFxgr6GokI/AAAAAAAAASY/OfljlGWTNFUaTr60Jmp7rSHlhCevfYQCgCLcBGAs/s320/3.jpg&quot; width=&quot;320&quot; /&gt;&lt;/a&gt;&lt;/div&gt;&lt;div class=&quot;separator&quot; style=&quot;clear: both; text-align: center;&quot;&gt;&lt;/div&gt;&lt;br /&gt;Neque porro quisquam est, qui dolorem ipsum quia dolor sit amet, consectetur, adipisci velit, sed quia non numquam eius modi tempora incidunt ut labore et dolore magnam aliquam quaerat voluptatem. Ut enim ad minima veniam, quis nostrum exercitationem ullam corporis suscipit laboriosam, nisi ut aliquid ex ea commodi consequatur.&lt;br /&gt;&lt;br /&gt;&lt;blockquote&gt;Cras nibh orci, molestie non orci et, porta blandit velit. Aenean auctor scelerisque erat, at viverra ex. Suspendisse potenti. Praesent sed purus a nibh rutrum ornare et interdum nunc.&lt;/blockquote&gt;At vero eos et accusamus et iusto odio dignissimos ducimus qui blanditiis praesentium voluptatum deleniti atque corrupti quos dolores et quas molestias excepturi sint occaecati cupiditate non provident, similique sunt in culpa qui officia deserunt mollitia animi, id est laborum et dolorum fuga.&lt;br /&gt;&lt;br /&gt;&lt;h3&gt;&lt;strong&gt;Voluptatem quia voluptas sit aspernatur.&lt;/strong&gt;&lt;/h3&gt;Lorem ipsum dolor sit amet, consectetur adipisicing elit, sed do eiusmod tempor incididunt ut labore et dolore magna aliqua. Ut enim ad minim veniam, quis nostrud exercitation ullamco laboris nisi ut aliquip ex ea commodo consequat.  Nemo enim ipsam voluptatem quia voluptas sit aspernatur aut odit aut fugit, sed quia consequuntur magni dolores eos qui ratione voluptatem sequi nesciunt.  Et harum quidem rerum facilis est et expedita distinctio. Nam libero tempore, cum soluta nobis est eligendi optio cumque nihil impedit quo minus id quod maxime placeat facere possimus, omnis voluptas assumenda est, omnis dolor repellendus.&lt;br /&gt;&lt;br /&gt;&lt;h3&gt;Proin facilisis justo odio, eget porta nisi&lt;/h3&gt;&lt;ul style=&quot;text-align: left;&quot;&gt;&lt;li&gt;Vestibulum eu porta augue.&amp;nbsp;&lt;/li&gt;&lt;li&gt;Pellentesque at suscipit justo.&amp;nbsp;&lt;/li&gt;&lt;li&gt;Cras tempus in tortor malesuada euismod.&amp;nbsp;&lt;/li&gt;&lt;li&gt;Vivamus sit amet augue et leo pellentesque euismod.&lt;/li&gt;&lt;/ul&gt;&lt;br /&gt;Lorem ipsum dolor sit amet, consectetur adipisicing elit, sed do eiusmod tempor incididunt ut labore et dolore magna aliqua. Ut enim ad minim veniam, quis nostrud exercitation ullamco laboris nisi ut aliquip ex ea commodo consequat. Nemo enim ipsam voluptatem quia voluptas sit aspernatur aut odit aut fugit, sed quia consequuntur magni dolores eos qui ratione voluptatem sequi nesciunt.&lt;br /&gt;&lt;br /&gt;&lt;h3&gt;Proin facilisis justo odio, eget porta nisi&lt;/h3&gt;&lt;ol style=&quot;text-align: left;&quot;&gt;&lt;li&gt;Vestibulum eu porta augue.&amp;nbsp;&lt;/li&gt;&lt;li&gt;Pellentesque at suscipit justo.&amp;nbsp;&lt;/li&gt;&lt;li&gt;Cras tempus in tortor malesuada euismod.&amp;nbsp;&lt;/li&gt;&lt;li&gt;Vivamus sit amet augue et leo pellentesque euismod.&lt;/li&gt;&lt;/ol&gt;&lt;br /&gt;Nemo enim ipsam voluptatem quia voluptas sit aspernatur aut odit aut fugit, sed quia consequuntur magni dolores eos qui ratione voluptatem sequi nesciunt. Et harum quidem rerum facilis est et expedita distinctio. Nam libero tempore, cum soluta nobis est eligendi optio cumque nihil impedit quo minus id quod maxime placeat facere possimus, omnis voluptas assumenda est, omnis dolor repellendus. </content><link rel='replies' type='application/atom+xml' href='https://appbusiness-goomsite.blogspot.com/feeds/5271996691322259180/comments/default' title='Post Comments'/><link rel='replies' type='text/html' href='https://appbusiness-goomsite.blogspot.com/2019/04/business-structured-are-changed.html#comment-form' title='0 Comments'/><link rel='edit' type='application/atom+xml' href='https://www.blogger.com/feeds/729673896444143752/posts/default/5271996691322259180'/><link rel='self' type='application/atom+xml' href='https://www.blogger.com/feeds/729673896444143752/posts/default/5271996691322259180'/><link rel='alternate' type='text/html' href='https://appbusiness-goomsite.blogspot.com/2019/04/business-structured-are-changed.html' title='Business Structured are changed Developer'/><author><name>Basri Matindas</name><uri>http://www.blogger.com/profile/00293032280283089238</uri><email>noreply@blogger.com</email><gd:image rel='http://schemas.google.com/g/2005#thumbnail' width='32' height='32' src='//2.bp.blogspot.com/-A7aQWsTMpsY/XKIAMP5dEiI/AAAAAAAAACg/REaGdAdEAzw544BkRQ0zhu1uNN8lQH_RgCK4BGAYYCw/s113/h.png'/></author><media:thumbnail xmlns:media="http://search.yahoo.com/mrss/" url="https://2.bp.blogspot.com/-CWOURTS4w-M/XMFxgr6GokI/AAAAAAAAASY/OfljlGWTNFUaTr60Jmp7rSHlhCevfYQCgCLcBGAs/s72-c/3.jpg" height="72" width="72"/><thr:total>0</thr:total></entry><entry><id>tag:blogger.com,1999:blog-729673896444143752.post-2620230927079073127</id><published>2019-04-25T01:34:00.001-07:00</published><updated>2019-04-25T01:34:20.446-07:00</updated><category scheme="http://www.blogger.com/atom/ns#" term="Mobile"/><category scheme="http://www.blogger.com/atom/ns#" term="News"/><category scheme="http://www.blogger.com/atom/ns#" term="Smartphone"/><title type='text'>Hiring many developer to develop apps</title><content type='html'>Quis autem vel eum iure reprehenderit qui in ea voluptate velit esse quam nihil molestiae consequatur, vel illum qui dolorem eum fugiat quo voluptas nulla pariatur. Temporibus autem quibusdam et aut officiis debitis aut rerum necessitatibus saepe eveniet ut et voluptates repudiandae sint et molestiae non recusandae. Itaque earum rerum hic tenetur a sapiente delectus, ut aut reiciendis voluptatibus maiores alias consequatur aut perferendis doloribus asperiores repellat.&lt;br /&gt;&lt;br /&gt;&lt;div class=&quot;separator&quot; style=&quot;clear: both; text-align: center;&quot;&gt;&lt;a href=&quot;https://3.bp.blogspot.com/-zcvhjE_FZ3o/XMFxBguXczI/AAAAAAAAASQ/azcdpig7psUYLWK3muFsiLwOOuF7JEe9QCLcBGAs/s1600/8.jpg&quot; imageanchor=&quot;1&quot; style=&quot;margin-left: 1em; margin-right: 1em;&quot;&gt;&lt;img border=&quot;0&quot; data-original-height=&quot;265&quot; data-original-width=&quot;400&quot; height=&quot;212&quot; src=&quot;https://3.bp.blogspot.com/-zcvhjE_FZ3o/XMFxBguXczI/AAAAAAAAASQ/azcdpig7psUYLWK3muFsiLwOOuF7JEe9QCLcBGAs/s320/8.jpg&quot; width=&quot;320&quot; /&gt;&lt;/a&gt;&lt;/div&gt;&lt;div class=&quot;separator&quot; style=&quot;clear: both; text-align: center;&quot;&gt;&lt;/div&gt;&lt;br /&gt;Neque porro quisquam est, qui dolorem ipsum quia dolor sit amet, consectetur, adipisci velit, sed quia non numquam eius modi tempora incidunt ut labore et dolore magnam aliquam quaerat voluptatem. Ut enim ad minima veniam, quis nostrum exercitationem ullam corporis suscipit laboriosam, nisi ut aliquid ex ea commodi consequatur.&lt;br /&gt;&lt;br /&gt;&lt;blockquote&gt;Cras nibh orci, molestie non orci et, porta blandit velit. Aenean auctor scelerisque erat, at viverra ex. Suspendisse potenti. Praesent sed purus a nibh rutrum ornare et interdum nunc.&lt;/blockquote&gt;At vero eos et accusamus et iusto odio dignissimos ducimus qui blanditiis praesentium voluptatum deleniti atque corrupti quos dolores et quas molestias excepturi sint occaecati cupiditate non provident, similique sunt in culpa qui officia deserunt mollitia animi, id est laborum et dolorum fuga.&lt;br /&gt;&lt;br /&gt;&lt;h3&gt;&lt;strong&gt;Voluptatem quia voluptas sit aspernatur.&lt;/strong&gt;&lt;/h3&gt;Lorem ipsum dolor sit amet, consectetur adipisicing elit, sed do eiusmod tempor incididunt ut labore et dolore magna aliqua. Ut enim ad minim veniam, quis nostrud exercitation ullamco laboris nisi ut aliquip ex ea commodo consequat.  Nemo enim ipsam voluptatem quia voluptas sit aspernatur aut odit aut fugit, sed quia consequuntur magni dolores eos qui ratione voluptatem sequi nesciunt.  Et harum quidem rerum facilis est et expedita distinctio. Nam libero tempore, cum soluta nobis est eligendi optio cumque nihil impedit quo minus id quod maxime placeat facere possimus, omnis voluptas assumenda est, omnis dolor repellendus.&lt;br /&gt;&lt;br /&gt;&lt;h3&gt;Proin facilisis justo odio, eget porta nisi&lt;/h3&gt;&lt;ul style=&quot;text-align: left;&quot;&gt;&lt;li&gt;Vestibulum eu porta augue.&amp;nbsp;&lt;/li&gt;&lt;li&gt;Pellentesque at suscipit justo.&amp;nbsp;&lt;/li&gt;&lt;li&gt;Cras tempus in tortor malesuada euismod.&amp;nbsp;&lt;/li&gt;&lt;li&gt;Vivamus sit amet augue et leo pellentesque euismod.&lt;/li&gt;&lt;/ul&gt;&lt;br /&gt;Lorem ipsum dolor sit amet, consectetur adipisicing elit, sed do eiusmod tempor incididunt ut labore et dolore magna aliqua. Ut enim ad minim veniam, quis nostrud exercitation ullamco laboris nisi ut aliquip ex ea commodo consequat. Nemo enim ipsam voluptatem quia voluptas sit aspernatur aut odit aut fugit, sed quia consequuntur magni dolores eos qui ratione voluptatem sequi nesciunt.&lt;br /&gt;&lt;br /&gt;&lt;h3&gt;Proin facilisis justo odio, eget porta nisi&lt;/h3&gt;&lt;ol style=&quot;text-align: left;&quot;&gt;&lt;li&gt;Vestibulum eu porta augue.&amp;nbsp;&lt;/li&gt;&lt;li&gt;Pellentesque at suscipit justo.&amp;nbsp;&lt;/li&gt;&lt;li&gt;Cras tempus in tortor malesuada euismod.&amp;nbsp;&lt;/li&gt;&lt;li&gt;Vivamus sit amet augue et leo pellentesque euismod.&lt;/li&gt;&lt;/ol&gt;&lt;br /&gt;Nemo enim ipsam voluptatem quia voluptas sit aspernatur aut odit aut fugit, sed quia consequuntur magni dolores eos qui ratione voluptatem sequi nesciunt. Et harum quidem rerum facilis est et expedita distinctio. Nam libero tempore, cum soluta nobis est eligendi optio cumque nihil impedit quo minus id quod maxime placeat facere possimus, omnis voluptas assumenda est, omnis dolor repellendus. </content><link rel='replies' type='application/atom+xml' href='https://appbusiness-goomsite.blogspot.com/feeds/2620230927079073127/comments/default' title='Post Comments'/><link rel='replies' type='text/html' href='https://appbusiness-goomsite.blogspot.com/2019/04/hiring-many-developer-to-develop-apps.html#comment-form' title='0 Comments'/><link rel='edit' type='application/atom+xml' href='https://www.blogger.com/feeds/729673896444143752/posts/default/2620230927079073127'/><link rel='self' type='application/atom+xml' href='https://www.blogger.com/feeds/729673896444143752/posts/default/2620230927079073127'/><link rel='alternate' type='text/html' href='https://appbusiness-goomsite.blogspot.com/2019/04/hiring-many-developer-to-develop-apps.html' title='Hiring many developer to develop apps'/><author><name>Basri Matindas</name><uri>http://www.blogger.com/profile/00293032280283089238</uri><email>noreply@blogger.com</email><gd:image rel='http://schemas.google.com/g/2005#thumbnail' width='32' height='32' src='//2.bp.blogspot.com/-A7aQWsTMpsY/XKIAMP5dEiI/AAAAAAAAACg/REaGdAdEAzw544BkRQ0zhu1uNN8lQH_RgCK4BGAYYCw/s113/h.png'/></author><media:thumbnail xmlns:media="http://search.yahoo.com/mrss/" url="https://3.bp.blogspot.com/-zcvhjE_FZ3o/XMFxBguXczI/AAAAAAAAASQ/azcdpig7psUYLWK3muFsiLwOOuF7JEe9QCLcBGAs/s72-c/8.jpg" height="72" width="72"/><thr:total>0</thr:total></entry><entry><id>tag:blogger.com,1999:blog-729673896444143752.post-917338669191981490</id><published>2019-04-25T01:32:00.003-07:00</published><updated>2019-04-25T01:32:55.996-07:00</updated><category scheme="http://www.blogger.com/atom/ns#" term="Mobile"/><category scheme="http://www.blogger.com/atom/ns#" term="News"/><category scheme="http://www.blogger.com/atom/ns#" term="Smartphone"/><title type='text'>Super App for New Devices made by touches of new tech</title><content type='html'>Quis autem vel eum iure reprehenderit qui in ea voluptate velit esse quam nihil molestiae consequatur, vel illum qui dolorem eum fugiat quo voluptas nulla pariatur. Temporibus autem quibusdam et aut officiis debitis aut rerum necessitatibus saepe eveniet ut et voluptates repudiandae sint et molestiae non recusandae. Itaque earum rerum hic tenetur a sapiente delectus, ut aut reiciendis voluptatibus maiores alias consequatur aut perferendis doloribus asperiores repellat.&lt;br /&gt;&lt;br /&gt;&lt;div class=&quot;separator&quot; style=&quot;clear: both; text-align: center;&quot;&gt;&lt;a href=&quot;https://2.bp.blogspot.com/-Gr3c-olgPSk/XMFws4L-wXI/AAAAAAAAASE/C6XGjYBk5zU4-VQFCEfkFSCsvZBYgJSMQCLcBGAs/s1600/6.jpg&quot; imageanchor=&quot;1&quot; style=&quot;margin-left: 1em; margin-right: 1em;&quot;&gt;&lt;img border=&quot;0&quot; data-original-height=&quot;265&quot; data-original-width=&quot;400&quot; height=&quot;212&quot; src=&quot;https://2.bp.blogspot.com/-Gr3c-olgPSk/XMFws4L-wXI/AAAAAAAAASE/C6XGjYBk5zU4-VQFCEfkFSCsvZBYgJSMQCLcBGAs/s320/6.jpg&quot; width=&quot;320&quot; /&gt;&lt;/a&gt;&lt;/div&gt;&lt;div class=&quot;separator&quot; style=&quot;clear: both; text-align: center;&quot;&gt;&lt;/div&gt;&lt;br /&gt;Neque porro quisquam est, qui dolorem ipsum quia dolor sit amet, consectetur, adipisci velit, sed quia non numquam eius modi tempora incidunt ut labore et dolore magnam aliquam quaerat voluptatem. Ut enim ad minima veniam, quis nostrum exercitationem ullam corporis suscipit laboriosam, nisi ut aliquid ex ea commodi consequatur.&lt;br /&gt;&lt;br /&gt;&lt;blockquote&gt;Cras nibh orci, molestie non orci et, porta blandit velit. Aenean auctor scelerisque erat, at viverra ex. Suspendisse potenti. Praesent sed purus a nibh rutrum ornare et interdum nunc.&lt;/blockquote&gt;At vero eos et accusamus et iusto odio dignissimos ducimus qui blanditiis praesentium voluptatum deleniti atque corrupti quos dolores et quas molestias excepturi sint occaecati cupiditate non provident, similique sunt in culpa qui officia deserunt mollitia animi, id est laborum et dolorum fuga.&lt;br /&gt;&lt;br /&gt;&lt;h3&gt;&lt;strong&gt;Voluptatem quia voluptas sit aspernatur.&lt;/strong&gt;&lt;/h3&gt;Lorem ipsum dolor sit amet, consectetur adipisicing elit, sed do eiusmod tempor incididunt ut labore et dolore magna aliqua. Ut enim ad minim veniam, quis nostrud exercitation ullamco laboris nisi ut aliquip ex ea commodo consequat.  Nemo enim ipsam voluptatem quia voluptas sit aspernatur aut odit aut fugit, sed quia consequuntur magni dolores eos qui ratione voluptatem sequi nesciunt.  Et harum quidem rerum facilis est et expedita distinctio. Nam libero tempore, cum soluta nobis est eligendi optio cumque nihil impedit quo minus id quod maxime placeat facere possimus, omnis voluptas assumenda est, omnis dolor repellendus.&lt;br /&gt;&lt;br /&gt;&lt;h3&gt;Proin facilisis justo odio, eget porta nisi&lt;/h3&gt;&lt;ul style=&quot;text-align: left;&quot;&gt;&lt;li&gt;Vestibulum eu porta augue.&amp;nbsp;&lt;/li&gt;&lt;li&gt;Pellentesque at suscipit justo.&amp;nbsp;&lt;/li&gt;&lt;li&gt;Cras tempus in tortor malesuada euismod.&amp;nbsp;&lt;/li&gt;&lt;li&gt;Vivamus sit amet augue et leo pellentesque euismod.&lt;/li&gt;&lt;/ul&gt;&lt;br /&gt;Lorem ipsum dolor sit amet, consectetur adipisicing elit, sed do eiusmod tempor incididunt ut labore et dolore magna aliqua. Ut enim ad minim veniam, quis nostrud exercitation ullamco laboris nisi ut aliquip ex ea commodo consequat. Nemo enim ipsam voluptatem quia voluptas sit aspernatur aut odit aut fugit, sed quia consequuntur magni dolores eos qui ratione voluptatem sequi nesciunt.&lt;br /&gt;&lt;br /&gt;&lt;h3&gt;Proin facilisis justo odio, eget porta nisi&lt;/h3&gt;&lt;ol style=&quot;text-align: left;&quot;&gt;&lt;li&gt;Vestibulum eu porta augue.&amp;nbsp;&lt;/li&gt;&lt;li&gt;Pellentesque at suscipit justo.&amp;nbsp;&lt;/li&gt;&lt;li&gt;Cras tempus in tortor malesuada euismod.&amp;nbsp;&lt;/li&gt;&lt;li&gt;Vivamus sit amet augue et leo pellentesque euismod.&lt;/li&gt;&lt;/ol&gt;&lt;br /&gt;Nemo enim ipsam voluptatem quia voluptas sit aspernatur aut odit aut fugit, sed quia consequuntur magni dolores eos qui ratione voluptatem sequi nesciunt. Et harum quidem rerum facilis est et expedita distinctio. Nam libero tempore, cum soluta nobis est eligendi optio cumque nihil impedit quo minus id quod maxime placeat facere possimus, omnis voluptas assumenda est, omnis dolor repellendus. </content><link rel='replies' type='application/atom+xml' href='https://appbusiness-goomsite.blogspot.com/feeds/917338669191981490/comments/default' title='Post Comments'/><link rel='replies' type='text/html' href='https://appbusiness-goomsite.blogspot.com/2019/04/super-app-for-new-devices-made-by_25.html#comment-form' title='0 Comments'/><link rel='edit' type='application/atom+xml' href='https://www.blogger.com/feeds/729673896444143752/posts/default/917338669191981490'/><link rel='self' type='application/atom+xml' href='https://www.blogger.com/feeds/729673896444143752/posts/default/917338669191981490'/><link rel='alternate' type='text/html' href='https://appbusiness-goomsite.blogspot.com/2019/04/super-app-for-new-devices-made-by_25.html' title='Super App for New Devices made by touches of new tech'/><author><name>Basri Matindas</name><uri>http://www.blogger.com/profile/00293032280283089238</uri><email>noreply@blogger.com</email><gd:image rel='http://schemas.google.com/g/2005#thumbnail' width='32' height='32' src='//2.bp.blogspot.com/-A7aQWsTMpsY/XKIAMP5dEiI/AAAAAAAAACg/REaGdAdEAzw544BkRQ0zhu1uNN8lQH_RgCK4BGAYYCw/s113/h.png'/></author><media:thumbnail xmlns:media="http://search.yahoo.com/mrss/" url="https://2.bp.blogspot.com/-Gr3c-olgPSk/XMFws4L-wXI/AAAAAAAAASE/C6XGjYBk5zU4-VQFCEfkFSCsvZBYgJSMQCLcBGAs/s72-c/6.jpg" height="72" width="72"/><thr:total>0</thr:total></entry><entry><id>tag:blogger.com,1999:blog-729673896444143752.post-7607068463910889264</id><published>2019-04-25T01:31:00.001-07:00</published><updated>2019-04-25T01:31:34.842-07:00</updated><category scheme="http://www.blogger.com/atom/ns#" term="Mobile"/><category scheme="http://www.blogger.com/atom/ns#" term="News"/><title type='text'>Loft Office With Vintage Decor For Creative Working</title><content type='html'>Quis autem vel eum iure reprehenderit qui in ea voluptate velit esse quam nihil molestiae consequatur, vel illum qui dolorem eum fugiat quo voluptas nulla pariatur. Temporibus autem quibusdam et aut officiis debitis aut rerum necessitatibus saepe eveniet ut et voluptates repudiandae sint et molestiae non recusandae. Itaque earum rerum hic tenetur a sapiente delectus, ut aut reiciendis voluptatibus maiores alias consequatur aut perferendis doloribus asperiores repellat.&lt;br /&gt;&lt;br /&gt;&lt;div class=&quot;separator&quot; style=&quot;clear: both; text-align: center;&quot;&gt;&lt;a href=&quot;https://4.bp.blogspot.com/-RIXFgTbmceo/XMFwYXI-rHI/AAAAAAAAAR8/uN3B-boT4nwUo7P5V2xyK-bpnzNw_PU2wCLcBGAs/s1600/5.jpg&quot; imageanchor=&quot;1&quot; style=&quot;margin-left: 1em; margin-right: 1em;&quot;&gt;&lt;img border=&quot;0&quot; data-original-height=&quot;265&quot; data-original-width=&quot;400&quot; height=&quot;212&quot; src=&quot;https://4.bp.blogspot.com/-RIXFgTbmceo/XMFwYXI-rHI/AAAAAAAAAR8/uN3B-boT4nwUo7P5V2xyK-bpnzNw_PU2wCLcBGAs/s320/5.jpg&quot; width=&quot;320&quot; /&gt;&lt;/a&gt;&lt;/div&gt;&lt;div class=&quot;separator&quot; style=&quot;clear: both; text-align: center;&quot;&gt;&lt;/div&gt;&lt;br /&gt;Neque porro quisquam est, qui dolorem ipsum quia dolor sit amet, consectetur, adipisci velit, sed quia non numquam eius modi tempora incidunt ut labore et dolore magnam aliquam quaerat voluptatem. Ut enim ad minima veniam, quis nostrum exercitationem ullam corporis suscipit laboriosam, nisi ut aliquid ex ea commodi consequatur.&lt;br /&gt;&lt;br /&gt;&lt;blockquote&gt;Cras nibh orci, molestie non orci et, porta blandit velit. Aenean auctor scelerisque erat, at viverra ex. Suspendisse potenti. Praesent sed purus a nibh rutrum ornare et interdum nunc.&lt;/blockquote&gt;At vero eos et accusamus et iusto odio dignissimos ducimus qui blanditiis praesentium voluptatum deleniti atque corrupti quos dolores et quas molestias excepturi sint occaecati cupiditate non provident, similique sunt in culpa qui officia deserunt mollitia animi, id est laborum et dolorum fuga.&lt;br /&gt;&lt;br /&gt;&lt;h3&gt;&lt;strong&gt;Voluptatem quia voluptas sit aspernatur.&lt;/strong&gt;&lt;/h3&gt;Lorem ipsum dolor sit amet, consectetur adipisicing elit, sed do eiusmod tempor incididunt ut labore et dolore magna aliqua. Ut enim ad minim veniam, quis nostrud exercitation ullamco laboris nisi ut aliquip ex ea commodo consequat.  Nemo enim ipsam voluptatem quia voluptas sit aspernatur aut odit aut fugit, sed quia consequuntur magni dolores eos qui ratione voluptatem sequi nesciunt.  Et harum quidem rerum facilis est et expedita distinctio. Nam libero tempore, cum soluta nobis est eligendi optio cumque nihil impedit quo minus id quod maxime placeat facere possimus, omnis voluptas assumenda est, omnis dolor repellendus.&lt;br /&gt;&lt;br /&gt;&lt;h3&gt;Proin facilisis justo odio, eget porta nisi&lt;/h3&gt;&lt;ul style=&quot;text-align: left;&quot;&gt;&lt;li&gt;Vestibulum eu porta augue.&amp;nbsp;&lt;/li&gt;&lt;li&gt;Pellentesque at suscipit justo.&amp;nbsp;&lt;/li&gt;&lt;li&gt;Cras tempus in tortor malesuada euismod.&amp;nbsp;&lt;/li&gt;&lt;li&gt;Vivamus sit amet augue et leo pellentesque euismod.&lt;/li&gt;&lt;/ul&gt;&lt;br /&gt;Lorem ipsum dolor sit amet, consectetur adipisicing elit, sed do eiusmod tempor incididunt ut labore et dolore magna aliqua. Ut enim ad minim veniam, quis nostrud exercitation ullamco laboris nisi ut aliquip ex ea commodo consequat. Nemo enim ipsam voluptatem quia voluptas sit aspernatur aut odit aut fugit, sed quia consequuntur magni dolores eos qui ratione voluptatem sequi nesciunt.&lt;br /&gt;&lt;br /&gt;&lt;h3&gt;Proin facilisis justo odio, eget porta nisi&lt;/h3&gt;&lt;ol style=&quot;text-align: left;&quot;&gt;&lt;li&gt;Vestibulum eu porta augue.&amp;nbsp;&lt;/li&gt;&lt;li&gt;Pellentesque at suscipit justo.&amp;nbsp;&lt;/li&gt;&lt;li&gt;Cras tempus in tortor malesuada euismod.&amp;nbsp;&lt;/li&gt;&lt;li&gt;Vivamus sit amet augue et leo pellentesque euismod.&lt;/li&gt;&lt;/ol&gt;&lt;br /&gt;Nemo enim ipsam voluptatem quia voluptas sit aspernatur aut odit aut fugit, sed quia consequuntur magni dolores eos qui ratione voluptatem sequi nesciunt. Et harum quidem rerum facilis est et expedita distinctio. Nam libero tempore, cum soluta nobis est eligendi optio cumque nihil impedit quo minus id quod maxime placeat facere possimus, omnis voluptas assumenda est, omnis dolor repellendus. </content><link rel='replies' type='application/atom+xml' href='https://appbusiness-goomsite.blogspot.com/feeds/7607068463910889264/comments/default' title='Post Comments'/><link rel='replies' type='text/html' href='https://appbusiness-goomsite.blogspot.com/2019/04/loft-office-with-vintage-decor-for.html#comment-form' title='0 Comments'/><link rel='edit' type='application/atom+xml' href='https://www.blogger.com/feeds/729673896444143752/posts/default/7607068463910889264'/><link rel='self' type='application/atom+xml' href='https://www.blogger.com/feeds/729673896444143752/posts/default/7607068463910889264'/><link rel='alternate' type='text/html' href='https://appbusiness-goomsite.blogspot.com/2019/04/loft-office-with-vintage-decor-for.html' title='Loft Office With Vintage Decor For Creative Working'/><author><name>Basri Matindas</name><uri>http://www.blogger.com/profile/00293032280283089238</uri><email>noreply@blogger.com</email><gd:image rel='http://schemas.google.com/g/2005#thumbnail' width='32' height='32' src='//2.bp.blogspot.com/-A7aQWsTMpsY/XKIAMP5dEiI/AAAAAAAAACg/REaGdAdEAzw544BkRQ0zhu1uNN8lQH_RgCK4BGAYYCw/s113/h.png'/></author><media:thumbnail xmlns:media="http://search.yahoo.com/mrss/" url="https://4.bp.blogspot.com/-RIXFgTbmceo/XMFwYXI-rHI/AAAAAAAAAR8/uN3B-boT4nwUo7P5V2xyK-bpnzNw_PU2wCLcBGAs/s72-c/5.jpg" height="72" width="72"/><thr:total>0</thr:total></entry><entry><id>tag:blogger.com,1999:blog-729673896444143752.post-4865609797176338396</id><published>2019-04-25T01:30:00.000-07:00</published><updated>2019-04-25T01:30:05.313-07:00</updated><category scheme="http://www.blogger.com/atom/ns#" term="Mobile"/><category scheme="http://www.blogger.com/atom/ns#" term="News"/><category scheme="http://www.blogger.com/atom/ns#" term="Spesification"/><title type='text'>Business Structured are changed by appilo</title><content type='html'>Quis autem vel eum iure reprehenderit qui in ea voluptate velit esse quam nihil molestiae consequatur, vel illum qui dolorem eum fugiat quo voluptas nulla pariatur. Temporibus autem quibusdam et aut officiis debitis aut rerum necessitatibus saepe eveniet ut et voluptates repudiandae sint et molestiae non recusandae. Itaque earum rerum hic tenetur a sapiente delectus, ut aut reiciendis voluptatibus maiores alias consequatur aut perferendis doloribus asperiores repellat.&lt;br /&gt;&lt;br /&gt;&lt;div class=&quot;separator&quot; style=&quot;clear: both; text-align: center;&quot;&gt;&lt;a href=&quot;https://4.bp.blogspot.com/-TKgvS8mKeHY/XMFwB8xBsTI/AAAAAAAAAR0/m54h83JKoIgW51l8sI_MSJyWsBHbhRxcgCLcBGAs/s1600/4.jpg&quot; imageanchor=&quot;1&quot; style=&quot;margin-left: 1em; margin-right: 1em;&quot;&gt;&lt;img border=&quot;0&quot; data-original-height=&quot;262&quot; data-original-width=&quot;400&quot; height=&quot;209&quot; src=&quot;https://4.bp.blogspot.com/-TKgvS8mKeHY/XMFwB8xBsTI/AAAAAAAAAR0/m54h83JKoIgW51l8sI_MSJyWsBHbhRxcgCLcBGAs/s320/4.jpg&quot; width=&quot;320&quot; /&gt;&lt;/a&gt;&lt;/div&gt;&lt;div class=&quot;separator&quot; style=&quot;clear: both; text-align: center;&quot;&gt;&lt;/div&gt;&lt;br /&gt;Neque porro quisquam est, qui dolorem ipsum quia dolor sit amet, consectetur, adipisci velit, sed quia non numquam eius modi tempora incidunt ut labore et dolore magnam aliquam quaerat voluptatem. Ut enim ad minima veniam, quis nostrum exercitationem ullam corporis suscipit laboriosam, nisi ut aliquid ex ea commodi consequatur.&lt;br /&gt;&lt;br /&gt;&lt;blockquote&gt;Cras nibh orci, molestie non orci et, porta blandit velit. Aenean auctor scelerisque erat, at viverra ex. Suspendisse potenti. Praesent sed purus a nibh rutrum ornare et interdum nunc.&lt;/blockquote&gt;At vero eos et accusamus et iusto odio dignissimos ducimus qui blanditiis praesentium voluptatum deleniti atque corrupti quos dolores et quas molestias excepturi sint occaecati cupiditate non provident, similique sunt in culpa qui officia deserunt mollitia animi, id est laborum et dolorum fuga.&lt;br /&gt;&lt;br /&gt;&lt;h3&gt;&lt;strong&gt;Voluptatem quia voluptas sit aspernatur.&lt;/strong&gt;&lt;/h3&gt;Lorem ipsum dolor sit amet, consectetur adipisicing elit, sed do eiusmod tempor incididunt ut labore et dolore magna aliqua. Ut enim ad minim veniam, quis nostrud exercitation ullamco laboris nisi ut aliquip ex ea commodo consequat.  Nemo enim ipsam voluptatem quia voluptas sit aspernatur aut odit aut fugit, sed quia consequuntur magni dolores eos qui ratione voluptatem sequi nesciunt.  Et harum quidem rerum facilis est et expedita distinctio. Nam libero tempore, cum soluta nobis est eligendi optio cumque nihil impedit quo minus id quod maxime placeat facere possimus, omnis voluptas assumenda est, omnis dolor repellendus.&lt;br /&gt;&lt;br /&gt;&lt;h3&gt;Proin facilisis justo odio, eget porta nisi&lt;/h3&gt;&lt;ul style=&quot;text-align: left;&quot;&gt;&lt;li&gt;Vestibulum eu porta augue.&amp;nbsp;&lt;/li&gt;&lt;li&gt;Pellentesque at suscipit justo.&amp;nbsp;&lt;/li&gt;&lt;li&gt;Cras tempus in tortor malesuada euismod.&amp;nbsp;&lt;/li&gt;&lt;li&gt;Vivamus sit amet augue et leo pellentesque euismod.&lt;/li&gt;&lt;/ul&gt;&lt;br /&gt;Lorem ipsum dolor sit amet, consectetur adipisicing elit, sed do eiusmod tempor incididunt ut labore et dolore magna aliqua. Ut enim ad minim veniam, quis nostrud exercitation ullamco laboris nisi ut aliquip ex ea commodo consequat. Nemo enim ipsam voluptatem quia voluptas sit aspernatur aut odit aut fugit, sed quia consequuntur magni dolores eos qui ratione voluptatem sequi nesciunt.&lt;br /&gt;&lt;br /&gt;&lt;h3&gt;Proin facilisis justo odio, eget porta nisi&lt;/h3&gt;&lt;ol style=&quot;text-align: left;&quot;&gt;&lt;li&gt;Vestibulum eu porta augue.&amp;nbsp;&lt;/li&gt;&lt;li&gt;Pellentesque at suscipit justo.&amp;nbsp;&lt;/li&gt;&lt;li&gt;Cras tempus in tortor malesuada euismod.&amp;nbsp;&lt;/li&gt;&lt;li&gt;Vivamus sit amet augue et leo pellentesque euismod.&lt;/li&gt;&lt;/ol&gt;&lt;br /&gt;Nemo enim ipsam voluptatem quia voluptas sit aspernatur aut odit aut fugit, sed quia consequuntur magni dolores eos qui ratione voluptatem sequi nesciunt. Et harum quidem rerum facilis est et expedita distinctio. Nam libero tempore, cum soluta nobis est eligendi optio cumque nihil impedit quo minus id quod maxime placeat facere possimus, omnis voluptas assumenda est, omnis dolor repellendus. </content><link rel='replies' type='application/atom+xml' href='https://appbusiness-goomsite.blogspot.com/feeds/4865609797176338396/comments/default' title='Post Comments'/><link rel='replies' type='text/html' href='https://appbusiness-goomsite.blogspot.com/2019/04/business-structured-are-changed-by.html#comment-form' title='0 Comments'/><link rel='edit' type='application/atom+xml' href='https://www.blogger.com/feeds/729673896444143752/posts/default/4865609797176338396'/><link rel='self' type='application/atom+xml' href='https://www.blogger.com/feeds/729673896444143752/posts/default/4865609797176338396'/><link rel='alternate' type='text/html' href='https://appbusiness-goomsite.blogspot.com/2019/04/business-structured-are-changed-by.html' title='Business Structured are changed by appilo'/><author><name>Basri Matindas</name><uri>http://www.blogger.com/profile/00293032280283089238</uri><email>noreply@blogger.com</email><gd:image rel='http://schemas.google.com/g/2005#thumbnail' width='32' height='32' src='//2.bp.blogspot.com/-A7aQWsTMpsY/XKIAMP5dEiI/AAAAAAAAACg/REaGdAdEAzw544BkRQ0zhu1uNN8lQH_RgCK4BGAYYCw/s113/h.png'/></author><media:thumbnail xmlns:media="http://search.yahoo.com/mrss/" url="https://4.bp.blogspot.com/-TKgvS8mKeHY/XMFwB8xBsTI/AAAAAAAAAR0/m54h83JKoIgW51l8sI_MSJyWsBHbhRxcgCLcBGAs/s72-c/4.jpg" height="72" width="72"/><thr:total>0</thr:total></entry><entry><id>tag:blogger.com,1999:blog-729673896444143752.post-1803762561860022708</id><published>2019-04-25T01:28:00.002-07:00</published><updated>2019-04-25T01:28:21.377-07:00</updated><category scheme="http://www.blogger.com/atom/ns#" term="News"/><category scheme="http://www.blogger.com/atom/ns#" term="Smartphone"/><category scheme="http://www.blogger.com/atom/ns#" term="Spesification"/><title type='text'>We are hiring many developer to develop apps</title><content type='html'>Quis autem vel eum iure reprehenderit qui in ea voluptate velit esse quam nihil molestiae consequatur, vel illum qui dolorem eum fugiat quo voluptas nulla pariatur. Temporibus autem quibusdam et aut officiis debitis aut rerum necessitatibus saepe eveniet ut et voluptates repudiandae sint et molestiae non recusandae. Itaque earum rerum hic tenetur a sapiente delectus, ut aut reiciendis voluptatibus maiores alias consequatur aut perferendis doloribus asperiores repellat.&lt;br /&gt;&lt;br /&gt;&lt;div class=&quot;separator&quot; style=&quot;clear: both; text-align: center;&quot;&gt;&lt;a href=&quot;https://1.bp.blogspot.com/-HPgFTFGXjnk/XMFvmzlJOtI/AAAAAAAAARs/pnP9mMOzqdclqrVU7YKi-alSgRq6qsF0wCLcBGAs/s1600/2.jpg&quot; imageanchor=&quot;1&quot; style=&quot;margin-left: 1em; margin-right: 1em;&quot;&gt;&lt;img border=&quot;0&quot; data-original-height=&quot;267&quot; data-original-width=&quot;400&quot; height=&quot;213&quot; src=&quot;https://1.bp.blogspot.com/-HPgFTFGXjnk/XMFvmzlJOtI/AAAAAAAAARs/pnP9mMOzqdclqrVU7YKi-alSgRq6qsF0wCLcBGAs/s320/2.jpg&quot; width=&quot;320&quot; /&gt;&lt;/a&gt;&lt;/div&gt;&lt;div class=&quot;separator&quot; style=&quot;clear: both; text-align: center;&quot;&gt;&lt;/div&gt;&lt;br /&gt;Neque porro quisquam est, qui dolorem ipsum quia dolor sit amet, consectetur, adipisci velit, sed quia non numquam eius modi tempora incidunt ut labore et dolore magnam aliquam quaerat voluptatem. Ut enim ad minima veniam, quis nostrum exercitationem ullam corporis suscipit laboriosam, nisi ut aliquid ex ea commodi consequatur.&lt;br /&gt;&lt;br /&gt;&lt;blockquote&gt;Cras nibh orci, molestie non orci et, porta blandit velit. Aenean auctor scelerisque erat, at viverra ex. Suspendisse potenti. Praesent sed purus a nibh rutrum ornare et interdum nunc.&lt;/blockquote&gt;At vero eos et accusamus et iusto odio dignissimos ducimus qui blanditiis praesentium voluptatum deleniti atque corrupti quos dolores et quas molestias excepturi sint occaecati cupiditate non provident, similique sunt in culpa qui officia deserunt mollitia animi, id est laborum et dolorum fuga.&lt;br /&gt;&lt;br /&gt;&lt;h3&gt;&lt;strong&gt;Voluptatem quia voluptas sit aspernatur.&lt;/strong&gt;&lt;/h3&gt;Lorem ipsum dolor sit amet, consectetur adipisicing elit, sed do eiusmod tempor incididunt ut labore et dolore magna aliqua. Ut enim ad minim veniam, quis nostrud exercitation ullamco laboris nisi ut aliquip ex ea commodo consequat.  Nemo enim ipsam voluptatem quia voluptas sit aspernatur aut odit aut fugit, sed quia consequuntur magni dolores eos qui ratione voluptatem sequi nesciunt.  Et harum quidem rerum facilis est et expedita distinctio. Nam libero tempore, cum soluta nobis est eligendi optio cumque nihil impedit quo minus id quod maxime placeat facere possimus, omnis voluptas assumenda est, omnis dolor repellendus.&lt;br /&gt;&lt;br /&gt;&lt;h3&gt;Proin facilisis justo odio, eget porta nisi&lt;/h3&gt;&lt;ul style=&quot;text-align: left;&quot;&gt;&lt;li&gt;Vestibulum eu porta augue.&amp;nbsp;&lt;/li&gt;&lt;li&gt;Pellentesque at suscipit justo.&amp;nbsp;&lt;/li&gt;&lt;li&gt;Cras tempus in tortor malesuada euismod.&amp;nbsp;&lt;/li&gt;&lt;li&gt;Vivamus sit amet augue et leo pellentesque euismod.&lt;/li&gt;&lt;/ul&gt;&lt;br /&gt;Lorem ipsum dolor sit amet, consectetur adipisicing elit, sed do eiusmod tempor incididunt ut labore et dolore magna aliqua. Ut enim ad minim veniam, quis nostrud exercitation ullamco laboris nisi ut aliquip ex ea commodo consequat. Nemo enim ipsam voluptatem quia voluptas sit aspernatur aut odit aut fugit, sed quia consequuntur magni dolores eos qui ratione voluptatem sequi nesciunt.&lt;br /&gt;&lt;br /&gt;&lt;h3&gt;Proin facilisis justo odio, eget porta nisi&lt;/h3&gt;&lt;ol style=&quot;text-align: left;&quot;&gt;&lt;li&gt;Vestibulum eu porta augue.&amp;nbsp;&lt;/li&gt;&lt;li&gt;Pellentesque at suscipit justo.&amp;nbsp;&lt;/li&gt;&lt;li&gt;Cras tempus in tortor malesuada euismod.&amp;nbsp;&lt;/li&gt;&lt;li&gt;Vivamus sit amet augue et leo pellentesque euismod.&lt;/li&gt;&lt;/ol&gt;&lt;br /&gt;Nemo enim ipsam voluptatem quia voluptas sit aspernatur aut odit aut fugit, sed quia consequuntur magni dolores eos qui ratione voluptatem sequi nesciunt. Et harum quidem rerum facilis est et expedita distinctio. Nam libero tempore, cum soluta nobis est eligendi optio cumque nihil impedit quo minus id quod maxime placeat facere possimus, omnis voluptas assumenda est, omnis dolor repellendus. </content><link rel='replies' type='application/atom+xml' href='https://appbusiness-goomsite.blogspot.com/feeds/1803762561860022708/comments/default' title='Post Comments'/><link rel='replies' type='text/html' href='https://appbusiness-goomsite.blogspot.com/2019/04/we-are-hiring-many-developer-to-develop.html#comment-form' title='0 Comments'/><link rel='edit' type='application/atom+xml' href='https://www.blogger.com/feeds/729673896444143752/posts/default/1803762561860022708'/><link rel='self' type='application/atom+xml' href='https://www.blogger.com/feeds/729673896444143752/posts/default/1803762561860022708'/><link rel='alternate' type='text/html' href='https://appbusiness-goomsite.blogspot.com/2019/04/we-are-hiring-many-developer-to-develop.html' title='We are hiring many developer to develop apps'/><author><name>Basri Matindas</name><uri>http://www.blogger.com/profile/00293032280283089238</uri><email>noreply@blogger.com</email><gd:image rel='http://schemas.google.com/g/2005#thumbnail' width='32' height='32' src='//2.bp.blogspot.com/-A7aQWsTMpsY/XKIAMP5dEiI/AAAAAAAAACg/REaGdAdEAzw544BkRQ0zhu1uNN8lQH_RgCK4BGAYYCw/s113/h.png'/></author><media:thumbnail xmlns:media="http://search.yahoo.com/mrss/" url="https://1.bp.blogspot.com/-HPgFTFGXjnk/XMFvmzlJOtI/AAAAAAAAARs/pnP9mMOzqdclqrVU7YKi-alSgRq6qsF0wCLcBGAs/s72-c/2.jpg" height="72" width="72"/><thr:total>0</thr:total></entry><entry><id>tag:blogger.com,1999:blog-729673896444143752.post-1001268791719629214</id><published>2019-04-25T01:27:00.001-07:00</published><updated>2019-04-25T01:27:29.056-07:00</updated><category scheme="http://www.blogger.com/atom/ns#" term="Mobile"/><category scheme="http://www.blogger.com/atom/ns#" term="News"/><title type='text'>Super App for New Devices made by touches of new tech</title><content type='html'>Quis autem vel eum iure reprehenderit qui in ea voluptate velit esse quam nihil molestiae consequatur, vel illum qui dolorem eum fugiat quo voluptas nulla pariatur. Temporibus autem quibusdam et aut officiis debitis aut rerum necessitatibus saepe eveniet ut et voluptates repudiandae sint et molestiae non recusandae. Itaque earum rerum hic tenetur a sapiente delectus, ut aut reiciendis voluptatibus maiores alias consequatur aut perferendis doloribus asperiores repellat.&lt;br /&gt;&lt;br /&gt;&lt;div class=&quot;separator&quot; style=&quot;clear: both; text-align: center;&quot;&gt;&lt;a href=&quot;https://4.bp.blogspot.com/-SNcYG3PjKew/XMFvVmCu55I/AAAAAAAAARk/iO05GItMlN4aWwLorSzkRFcaWX7wxHSsgCLcBGAs/s1600/9.jpg&quot; imageanchor=&quot;1&quot; style=&quot;margin-left: 1em; margin-right: 1em;&quot;&gt;&lt;img border=&quot;0&quot; data-original-height=&quot;265&quot; data-original-width=&quot;400&quot; height=&quot;212&quot; src=&quot;https://4.bp.blogspot.com/-SNcYG3PjKew/XMFvVmCu55I/AAAAAAAAARk/iO05GItMlN4aWwLorSzkRFcaWX7wxHSsgCLcBGAs/s320/9.jpg&quot; width=&quot;320&quot; /&gt;&lt;/a&gt;&lt;/div&gt;&lt;div class=&quot;separator&quot; style=&quot;clear: both; text-align: center;&quot;&gt;&lt;/div&gt;&lt;br /&gt;Neque porro quisquam est, qui dolorem ipsum quia dolor sit amet, consectetur, adipisci velit, sed quia non numquam eius modi tempora incidunt ut labore et dolore magnam aliquam quaerat voluptatem. Ut enim ad minima veniam, quis nostrum exercitationem ullam corporis suscipit laboriosam, nisi ut aliquid ex ea commodi consequatur.&lt;br /&gt;&lt;br /&gt;&lt;blockquote&gt;Cras nibh orci, molestie non orci et, porta blandit velit. Aenean auctor scelerisque erat, at viverra ex. Suspendisse potenti. Praesent sed purus a nibh rutrum ornare et interdum nunc.&lt;/blockquote&gt;At vero eos et accusamus et iusto odio dignissimos ducimus qui blanditiis praesentium voluptatum deleniti atque corrupti quos dolores et quas molestias excepturi sint occaecati cupiditate non provident, similique sunt in culpa qui officia deserunt mollitia animi, id est laborum et dolorum fuga.&lt;br /&gt;&lt;br /&gt;&lt;h3&gt;&lt;strong&gt;Voluptatem quia voluptas sit aspernatur.&lt;/strong&gt;&lt;/h3&gt;Lorem ipsum dolor sit amet, consectetur adipisicing elit, sed do eiusmod tempor incididunt ut labore et dolore magna aliqua. Ut enim ad minim veniam, quis nostrud exercitation ullamco laboris nisi ut aliquip ex ea commodo consequat.  Nemo enim ipsam voluptatem quia voluptas sit aspernatur aut odit aut fugit, sed quia consequuntur magni dolores eos qui ratione voluptatem sequi nesciunt.  Et harum quidem rerum facilis est et expedita distinctio. Nam libero tempore, cum soluta nobis est eligendi optio cumque nihil impedit quo minus id quod maxime placeat facere possimus, omnis voluptas assumenda est, omnis dolor repellendus.&lt;br /&gt;&lt;br /&gt;&lt;h3&gt;Proin facilisis justo odio, eget porta nisi&lt;/h3&gt;&lt;ul style=&quot;text-align: left;&quot;&gt;&lt;li&gt;Vestibulum eu porta augue.&amp;nbsp;&lt;/li&gt;&lt;li&gt;Pellentesque at suscipit justo.&amp;nbsp;&lt;/li&gt;&lt;li&gt;Cras tempus in tortor malesuada euismod.&amp;nbsp;&lt;/li&gt;&lt;li&gt;Vivamus sit amet augue et leo pellentesque euismod.&lt;/li&gt;&lt;/ul&gt;&lt;br /&gt;Lorem ipsum dolor sit amet, consectetur adipisicing elit, sed do eiusmod tempor incididunt ut labore et dolore magna aliqua. Ut enim ad minim veniam, quis nostrud exercitation ullamco laboris nisi ut aliquip ex ea commodo consequat. Nemo enim ipsam voluptatem quia voluptas sit aspernatur aut odit aut fugit, sed quia consequuntur magni dolores eos qui ratione voluptatem sequi nesciunt.&lt;br /&gt;&lt;br /&gt;&lt;h3&gt;Proin facilisis justo odio, eget porta nisi&lt;/h3&gt;&lt;ol style=&quot;text-align: left;&quot;&gt;&lt;li&gt;Vestibulum eu porta augue.&amp;nbsp;&lt;/li&gt;&lt;li&gt;Pellentesque at suscipit justo.&amp;nbsp;&lt;/li&gt;&lt;li&gt;Cras tempus in tortor malesuada euismod.&amp;nbsp;&lt;/li&gt;&lt;li&gt;Vivamus sit amet augue et leo pellentesque euismod.&lt;/li&gt;&lt;/ol&gt;&lt;br /&gt;Nemo enim ipsam voluptatem quia voluptas sit aspernatur aut odit aut fugit, sed quia consequuntur magni dolores eos qui ratione voluptatem sequi nesciunt. Et harum quidem rerum facilis est et expedita distinctio. Nam libero tempore, cum soluta nobis est eligendi optio cumque nihil impedit quo minus id quod maxime placeat facere possimus, omnis voluptas assumenda est, omnis dolor repellendus. </content><link rel='replies' type='application/atom+xml' href='https://appbusiness-goomsite.blogspot.com/feeds/1001268791719629214/comments/default' title='Post Comments'/><link rel='replies' type='text/html' href='https://appbusiness-goomsite.blogspot.com/2019/04/super-app-for-new-devices-made-by.html#comment-form' title='0 Comments'/><link rel='edit' type='application/atom+xml' href='https://www.blogger.com/feeds/729673896444143752/posts/default/1001268791719629214'/><link rel='self' type='application/atom+xml' href='https://www.blogger.com/feeds/729673896444143752/posts/default/1001268791719629214'/><link rel='alternate' type='text/html' href='https://appbusiness-goomsite.blogspot.com/2019/04/super-app-for-new-devices-made-by.html' title='Super App for New Devices made by touches of new tech'/><author><name>Basri Matindas</name><uri>http://www.blogger.com/profile/00293032280283089238</uri><email>noreply@blogger.com</email><gd:image rel='http://schemas.google.com/g/2005#thumbnail' width='32' height='32' src='//2.bp.blogspot.com/-A7aQWsTMpsY/XKIAMP5dEiI/AAAAAAAAACg/REaGdAdEAzw544BkRQ0zhu1uNN8lQH_RgCK4BGAYYCw/s113/h.png'/></author><media:thumbnail xmlns:media="http://search.yahoo.com/mrss/" url="https://4.bp.blogspot.com/-SNcYG3PjKew/XMFvVmCu55I/AAAAAAAAARk/iO05GItMlN4aWwLorSzkRFcaWX7wxHSsgCLcBGAs/s72-c/9.jpg" height="72" width="72"/><thr:total>0</thr:total></entry><entry><id>tag:blogger.com,1999:blog-729673896444143752.post-9006543445981002190</id><published>2017-09-11T00:58:00.000-07:00</published><updated>2019-04-25T01:26:05.576-07:00</updated><category scheme="http://www.blogger.com/atom/ns#" term="Mobile"/><category scheme="http://www.blogger.com/atom/ns#" term="Smartphone"/><category scheme="http://www.blogger.com/atom/ns#" term="Spesification"/><title type='text'>Loft Office with Vintage Decor For Creative Working</title><content type='html'>Quis autem vel eum iure reprehenderit qui in ea voluptate velit esse quam nihil molestiae consequatur, vel illum qui dolorem eum fugiat quo voluptas nulla pariatur. Temporibus autem quibusdam et aut officiis debitis aut rerum necessitatibus saepe eveniet ut et voluptates repudiandae sint et molestiae non recusandae. Itaque earum rerum hic tenetur a sapiente delectus, ut aut reiciendis voluptatibus maiores alias consequatur aut perferendis doloribus asperiores repellat.&lt;br /&gt;&lt;br /&gt;&lt;div class=&quot;separator&quot; style=&quot;clear: both; text-align: center;&quot;&gt;&lt;a href=&quot;https://3.bp.blogspot.com/-R4NpAGxdPXw/XMFspX9n2tI/AAAAAAAAARY/FsoBkDXFIgUVJEekFjIACVFBQQZGwXZHwCEwYBhgL/s1600/1.jpg&quot; imageanchor=&quot;1&quot; style=&quot;margin-left: 1em; margin-right: 1em;&quot;&gt;&lt;img border=&quot;0&quot; data-original-height=&quot;267&quot; data-original-width=&quot;400&quot; height=&quot;213&quot; src=&quot;https://3.bp.blogspot.com/-R4NpAGxdPXw/XMFspX9n2tI/AAAAAAAAARY/FsoBkDXFIgUVJEekFjIACVFBQQZGwXZHwCEwYBhgL/s320/1.jpg&quot; width=&quot;320&quot; /&gt;&lt;/a&gt;&lt;/div&gt;&lt;br /&gt;Neque porro quisquam est, qui dolorem ipsum quia dolor sit amet, consectetur, adipisci velit, sed quia non numquam eius modi tempora incidunt ut labore et dolore magnam aliquam quaerat voluptatem. Ut enim ad minima veniam, quis nostrum exercitationem ullam corporis suscipit laboriosam, nisi ut aliquid ex ea commodi consequatur.&lt;br /&gt;&lt;br /&gt;&lt;blockquote&gt;Cras nibh orci, molestie non orci et, porta blandit velit. Aenean auctor scelerisque erat, at viverra ex. Suspendisse potenti. Praesent sed purus a nibh rutrum ornare et interdum nunc.&lt;/blockquote&gt;At vero eos et accusamus et iusto odio dignissimos ducimus qui blanditiis praesentium voluptatum deleniti atque corrupti quos dolores et quas molestias excepturi sint occaecati cupiditate non provident, similique sunt in culpa qui officia deserunt mollitia animi, id est laborum et dolorum fuga.&lt;br /&gt;&lt;br /&gt;&lt;h3&gt;&lt;strong&gt;Voluptatem quia voluptas sit aspernatur.&lt;/strong&gt;&lt;/h3&gt;Lorem ipsum dolor sit amet, consectetur adipisicing elit, sed do eiusmod tempor incididunt ut labore et dolore magna aliqua. Ut enim ad minim veniam, quis nostrud exercitation ullamco laboris nisi ut aliquip ex ea commodo consequat.  Nemo enim ipsam voluptatem quia voluptas sit aspernatur aut odit aut fugit, sed quia consequuntur magni dolores eos qui ratione voluptatem sequi nesciunt.  Et harum quidem rerum facilis est et expedita distinctio. Nam libero tempore, cum soluta nobis est eligendi optio cumque nihil impedit quo minus id quod maxime placeat facere possimus, omnis voluptas assumenda est, omnis dolor repellendus.&lt;br /&gt;&lt;br /&gt;&lt;h3&gt;Proin facilisis justo odio, eget porta nisi&lt;/h3&gt;&lt;ul style=&quot;text-align: left;&quot;&gt;&lt;li&gt;Vestibulum eu porta augue.&amp;nbsp;&lt;/li&gt;&lt;li&gt;Pellentesque at suscipit justo.&amp;nbsp;&lt;/li&gt;&lt;li&gt;Cras tempus in tortor malesuada euismod.&amp;nbsp;&lt;/li&gt;&lt;li&gt;Vivamus sit amet augue et leo pellentesque euismod.&lt;/li&gt;&lt;/ul&gt;&lt;br /&gt;Lorem ipsum dolor sit amet, consectetur adipisicing elit, sed do eiusmod tempor incididunt ut labore et dolore magna aliqua. Ut enim ad minim veniam, quis nostrud exercitation ullamco laboris nisi ut aliquip ex ea commodo consequat. Nemo enim ipsam voluptatem quia voluptas sit aspernatur aut odit aut fugit, sed quia consequuntur magni dolores eos qui ratione voluptatem sequi nesciunt.&lt;br /&gt;&lt;br /&gt;&lt;h3&gt;Proin facilisis justo odio, eget porta nisi&lt;/h3&gt;&lt;ol style=&quot;text-align: left;&quot;&gt;&lt;li&gt;Vestibulum eu porta augue.&amp;nbsp;&lt;/li&gt;&lt;li&gt;Pellentesque at suscipit justo.&amp;nbsp;&lt;/li&gt;&lt;li&gt;Cras tempus in tortor malesuada euismod.&amp;nbsp;&lt;/li&gt;&lt;li&gt;Vivamus sit amet augue et leo pellentesque euismod.&lt;/li&gt;&lt;/ol&gt;&lt;br /&gt;Nemo enim ipsam voluptatem quia voluptas sit aspernatur aut odit aut fugit, sed quia consequuntur magni dolores eos qui ratione voluptatem sequi nesciunt. Et harum quidem rerum facilis est et expedita distinctio. Nam libero tempore, cum soluta nobis est eligendi optio cumque nihil impedit quo minus id quod maxime placeat facere possimus, omnis voluptas assumenda est, omnis dolor repellendus. </content><link rel='replies' type='application/atom+xml' href='https://appbusiness-goomsite.blogspot.com/feeds/9006543445981002190/comments/default' title='Post Comments'/><link rel='replies' type='text/html' href='https://appbusiness-goomsite.blogspot.com/2017/09/this-house-is-categorized-as-world.html#comment-form' title='3 Comments'/><link rel='edit' type='application/atom+xml' href='https://www.blogger.com/feeds/729673896444143752/posts/default/9006543445981002190'/><link rel='self' type='application/atom+xml' href='https://www.blogger.com/feeds/729673896444143752/posts/default/9006543445981002190'/><link rel='alternate' type='text/html' href='https://appbusiness-goomsite.blogspot.com/2017/09/this-house-is-categorized-as-world.html' title='Loft Office with Vintage Decor For Creative Working'/><author><name>Basri Matindas</name><uri>http://www.blogger.com/profile/00293032280283089238</uri><email>noreply@blogger.com</email><gd:image rel='http://schemas.google.com/g/2005#thumbnail' width='32' height='32' src='//2.bp.blogspot.com/-A7aQWsTMpsY/XKIAMP5dEiI/AAAAAAAAACg/REaGdAdEAzw544BkRQ0zhu1uNN8lQH_RgCK4BGAYYCw/s113/h.png'/></author><media:thumbnail xmlns:media="http://search.yahoo.com/mrss/" url="https://3.bp.blogspot.com/-R4NpAGxdPXw/XMFspX9n2tI/AAAAAAAAARY/FsoBkDXFIgUVJEekFjIACVFBQQZGwXZHwCEwYBhgL/s72-c/1.jpg" height="72" width="72"/><thr:total>3</thr:total></entry></feed>