<?xml version="1.0" encoding="UTF-8" ?>
<!DOCTYPE html>
<HTML expr:dir='data:blog.languageDirection'>
&lt;head&gt;
<include expiration='7d' path='*.css'/>
<include expiration='7d' path='*.js'/>
<include expiration='3d' path='*.gif'/>
<include expiration='3d' path='*.jpeg'/>
<include expiration='3d' path='*.jpg'/>
<include expiration='3d' path='*.png'/>
<!-- [ Meta Tag SEO ] -->
<meta charset='utf-8'/>
<meta content='width=device-width, initial-scale=1' name='viewport'/>
<meta content='blogger' name='generator'/>
<meta content='text/html; charset=UTF-8' http-equiv='Content-Type'/>
<link href='https://www.blogger.com/openid-server.g' rel='openid.server'/>
<link expr:href='data:blog.homepageUrl' rel='openid.delegate'/>
<link expr:href='data:blog.url' rel='canonical'/>
<b:if cond='data:blog.pageType == &quot;index&quot;'>
<title><data:blog.pageTitle/></title>
<b:else/>
<b:if cond='data:blog.pageType != &quot;error_page&quot;'>
<title><data:blog.pageName/> - <data:blog.title/></title>
</b:if></b:if>
<b:if cond='data:blog.pageType == &quot;error_page&quot;'>
<title>Page Not Found - <data:blog.title/></title>
</b:if>
<b:if cond='data:blog.pageType == &quot;archive&quot;'>
<meta content='noindex' name='robots'/>
</b:if>
<b:if cond='data:blog.searchLabel'>
<meta content='noindex,nofollow' name='robots'/>
</b:if>
<b:if cond='data:blog.isMobile'>
<meta content='noindex,nofollow' name='robots'/>
</b:if>
<b:if cond='data:blog.pageType != &quot;error_page&quot;'>
<meta expr:content='data:blog.metaDescription' name='description'/>
<script type='application/ld+json'>{ &quot;@context&quot;: &quot;https://schema.org&quot;, &quot;@type&quot;: &quot;WebSite&quot;, &quot;url&quot;: &quot;<data:blog.homepageUrl/>&quot;, &quot;potentialAction&quot;: { &quot;@type&quot;: &quot;SearchAction&quot;, &quot;target&quot;: &quot;<data:blog.homepageUrl/>?q={search_term}&quot;, &quot;query-input&quot;: &quot;required name=search_term&quot; } }</script>
<b:if cond='data:blog.homepageUrl != data:blog.url'>
<meta expr:content='data:blog.pageName + &quot;, &quot; + data:blog.pageTitle + &quot;, &quot; + data:blog.title' name='keywords'/>
</b:if></b:if>
<b:if cond='data:blog.url == data:blog.homepageUrl'>
<meta content='DESKRIPSI-BLOG' name='keywords'/></b:if>
<link expr:href='data:blog.homepageUrl + &quot;feeds/posts/default&quot;' expr:title='data:blog.title + &quot; - Atom&quot;' rel='alternate' type='application/atom+xml'/>
<link expr:href='data:blog.homepageUrl + &quot;feeds/posts/default?alt=rss&quot;' expr:title='data:blog.title + &quot; - RSS&quot;' rel='alternate' type='application/rss+xml'/>
<link expr:href='&quot;https://www.blogger.com/feeds/&quot; + data:blog.blogId + &quot;/posts/default&quot;' expr:title='data:blog.title + &quot; - Atom&quot;' rel='alternate' type='application/atom+xml'/>
<b:if cond='data:blog.pageType == &quot;item&quot;'>
<b:if cond='data:blog.postImageThumbnailUrl'>
<link expr:href='data:blog.postImageThumbnailUrl' rel='image_src'/>
</b:if></b:if>
<link expr:href='data:blog.url' hreflang='x-default' rel='alternate'/>
<link href='/favicon.ico' rel='icon' type='image/x-icon'/>
<link href='https://plus.google.com/USER-GOOGLE-PLUS/posts' rel='publisher'/>
<link href='https://plus.google.com/USER-GOOGLE-PLUS/about' rel='author'/>
<link href='https://plus.google.com/USER-GOOGLE-PLUS' rel='me'/>
<meta content='KODE-VALIDASI-GOOGLE-WEBMASTER' name='google-site-verification'/>
<meta content='KODE-VALIDASI-BING-WEBMASTER' name='msvalidate.01'/>
<meta content='Indonesia' name='geo.placename'/>
<meta content='NAMA-ADMIN' name='Author'/>
<meta content='general' name='rating'/>
<meta content='id' name='geo.country'/>
<!-- [ Social Media Meta Tag ] -->
<b:if cond='data:blog.pageType == &quot;item&quot;'>
<meta expr:content='data:blog.pageName' property='og:title'/>
<meta expr:content='data:blog.canonicalUrl' property='og:url'/>
<meta content='article' property='og:type'/>
</b:if>
<meta expr:content='data:blog.title' property='og:site_name'/>
<b:if cond='data:blog.url == data:blog.homepageUrl'>
<meta expr:content='data:blog.metaDescription' name='description'/>
<meta expr:content='data:blog.title' property='og:title'/>
<meta content='website' property='og:type'/>
<b:if cond='data:blog.metaDescription'>
<meta expr:content='data:blog.metaDescription' property='og:description'/>
<b:else/>
<meta expr:content='&quot;Silakan kunjungi &quot; + data:blog.pageTitle + &quot; Untuk membaca postingan menarik.&quot;' property='og:description'/>
</b:if>
</b:if>
<b:if cond='data:blog.pageType == &quot;item&quot;'>
<meta expr:content='data:blog.metaDescription' property='og:description'/>
</b:if>
<b:if cond='data:blog.postImageUrl'>
<meta expr:content='data:blog.postImageUrl' property='og:image'/>
<b:else/>
<b:if cond='data:blog.postImageThumbnailUrl'>
<meta expr:content='data:blog.postThumbnailUrl' property='og:image'/>
<b:else/>
<meta expr:content='data:blog.postThumbnailUrl' property='og:image'/>
</b:if>
</b:if>
<meta content='https://www.facebook.com/PROFIL-FACEBOOK' property='article:author'/>
<meta content='https://www.facebook.com/FAN-PAGE-FACEBOOK' property='article:publisher'/>
<meta content='KODE-APLIKASI-FACEBOOK' property='fb:app_id'/>
<meta content='KODE-ADMIN-FACEBOOK' property='fb:admins'/>
<meta content='en_US' property='og:locale'/>
<meta content='en_GB' property='og:locale:alternate'/>
<meta content='id_ID' property='og:locale:alternate'/>
<meta content='summary' name='twitter:card'/>
<meta expr:content='data:blog.pageTitle' name='twitter:title'/>
<meta content='USER-TWITTER' name='twitter:site'/>
<meta content='USER-TWITTER' name='twitter:creator'/>
<meta content='summary_large_image' name='twitter:card'/>
<meta content='@XXXXX' name='twitter:site'/>
<meta content='@XXXXX' name='twitter:creator'/>
<meta content='#111' name='msapplication-navbutton-color'/>
<meta content='#111' name='apple-mobile-web-app-status-bar-style'/>
<meta content='#111' name='theme-color'/>
<link href='//ajax.googleapis.com' rel='dns-prefetch'/>
<link href='//www.google-analytics.com' rel='dns-prefetch'/>
<link href='//googleads.g.doubleclick.net' rel='dns-prefetch'/>
<link href='//www.googletagservices.com' rel='dns-prefetch'/>
<link href='//pagead2.googlesyndication.com' rel='dns-prefetch'/>
<link href='//maxcdn.bootstrapcdn.com' rel='dns-prefetch'/>
<link href='//adservice.google.ca' rel='dns-prefetch'/>
<link href='//adservice.google.com' rel='dns-prefetch'/>
<link href='//resources.blogblog.com' rel='dns-prefetch'/>
<link href='//fonts.googleapis.com' rel='dns-prefetch'/>
<link href='//1.bp.blogspot.com' rel='dns-prefetch'/>
<link href='//2.bp.blogspot.com' rel='dns-prefetch'/>
<link href='//3.bp.blogspot.com' rel='dns-prefetch'/>
<link href='//4.bp.blogspot.com' rel='dns-prefetch'/>
<link href='//disqus.com' rel='dns-prefetch'/>
<link href='//fontawesome.com' rel='dns-prefetch'/>
&lt;style type=&quot;text/css&quot;&gt;
&lt;!-- <b:skin><![CDATA[/*
Template Info
Name             : Bung Frangki Responsive Blogger Template
Theme Published  : 2018
Type             : Personal Blog
Style            : Minimalist
Designer         : Namina
Designer url     : https://www.naminakiky.com
Publisher        : www.sayemtutorial.com
Thanks to        : All supported
*/
/* CSS Reset */
html,body,div,span,applet,object,iframe,h1,h2,h3,h4,h5,h6,p,blockquote,pre,a,abbr,acronym,address,big,cite,code,del,dfn,em,img,ins,kbd,q,s,samp,small,strike,strong,sub,sup,tt,var,b,u,i,center,dl,dt,dd,ol,ul,li,fieldset,form,label,legend,table,caption,tbody,tfoot,thead,tr,th,td,article,aside,canvas,details,embed,figure,figcaption,footer,header,hgroup,menu,nav,output,ruby,section,summary,time,mark,audio,video{margin:0;padding:0;border:0;font-size:100%;font:inherit;vertical-align:baseline;}
/* HTML5 */
article,aside,details,figcaption,figure,footer,header,hgroup,menu,nav,section{display:block;}body{line-height:1;display:block;}*{margin:0;padding:0;}html{display:block;}ol,ul{list-style:none;}blockquote,q{quotes:none;}blockquote:before,blockquote:after,q:before,q:after{background:transparent;}table{border-collapse:collapse;border-spacing:0;}*,*:before, *:after {-webkit-box-sizing:border-box;-moz-box-sizing:border-box;box-sizing:border-box;}ins{background:#fff;}
.navbar,.post-feeds,.feed-links{display:none;}.section,.widget{margin:0;padding:0;}strong,b{font-weight:bold;padding:0;}cite,em,i{font-style:italic;}a:link,a:visited {color:#3498db;text-decoration:none;}a:hover,a:hover:visited {color:#30373c}a amp-img,img{border:none;border-width:0;outline:none;}img,amp-img{max-width:100%;vertical-align:middle;border:0;}abbr,acronym{border-bottom:1px dotted;cursor:help;}sup,sub{vertical-align:baseline;position:relative;top:-.4em;font-size:86%;}sub{top:.4em;}small{font-size:86%;}kbd{display:inline-block;font-size:90%;color:#3498db;}mark{background-color:#ffce00;color:#182025;}p,blockquote,pre,table,figure,hr,form,ol,ul,dl{margin:1.5em 0;}hr{height:1px;border:none;background-color:#999;}code,kbd,pre,samp{font-family:monospace,monospace;}
pre{white-space:pre;word-wrap:normal;overflow:auto;font-size:13px;margin:0;}*:focus {outline:0!important;}h1,h2,h3,h4,h5,h6{font-weight:700;line-height:normal;}h1{font-size:190%}h2{font-size:170%}h3{font-size:150%}h4{font-size:130%}h5{font-size:110%}h6{font-size:100%}
body{background:#f6f9fc;font-family:-apple-system,BlinkMacSystemFont,'Fira Sans','Roboto','Segoe UI','Oxygen-Sans','Ubuntu','Cantarell','Helvetica Neue',sans-serif;font-size:16px;font-weight:normal;text-align:left;color:#444;margin:0;padding:0;text-decoration:none;line-height:1.4em}
body#layout ul,#layout ul {display:none;}
body#layout #content-wrapper, body#layout .post-inner, body#layout #sidebar-wrapper, body#layout .sidebartop{padding:0;margin:0;}
body#layout #wrapper, body#layout .post-inner, body#layout .sidebar-inner {padding:0;margin:0;}
body#layout #header-wrapper,body#layout #header-left {height:auto;margin:0;width:100%}
body#layout #main-wrapper{width:70%;float:left}
body#layout #sidebar-wrapper{width:30%;float:right}
body#layout #box{display:none}
#main-wrapper{float:left;padding:0;margin:0 auto;word-wrap:break-word;position:relative;width:calc(100% - 332px);-moz-box-sizing:border-box;-webkit-box-sizing:border-box;box-sizing:border-box}
#content-wrapper{margin:-40px auto 0;padding:0;max-width:100%;position:relative;overflow:hidden}
#limit-wrapper{margin:0 auto;padding:0;max-width:1170px;position:relative}
.quickedit {display:none !important;width:0;height:0}
]]></b:skin>
<style type='text/css'>
.timestamp-link, .title-cadangan,.jump-link,#ContactForm1,#ContactForm1 br{display:none}
.clear{clear:both;}.post-body pre code, .post-body code{font-family:Consolas,Monaco,&#39;Andale Mono&#39;,monospace;font-size:95%;font-weight:normal;}
.post-body pre{padding:20px;border-radius:3px;background-color:#292e34;word-spacing:normal;word-break:normal;line-height:1.4em}.post-body code{color:#c0c2b0}.post-body pre code{color:#c0c2b0}
/*css header*/
#header-wrapper{background:#028271;width:100%;height:135px;margin:0 auto;padding:0;word-wrap:break-word}#header-left{display:inline-block;float:left;margin:25px auto 0;margin-right:40px}#header-inner a img{max-width:250px;height:auto}.descriptionwrapper{display:none}
/*css sidebar*/
#sidebar-wrapper{width:100%;max-width:300px;margin-top:70px;float:right;word-wrap:break-word;overflow:hidden;list-style:none}#sidebar1,#sidebar3,#sidebar5{margin:0 auto;padding:0;text-align:center}#sidebar1 .widget-content,#sidebar2 .widget-content,#sidebar3 .widget-content,#sidebar4 .widget-content{margin:0 auto 25px;padding:0}#sidebar2 .widget-content{padding:0;z-index:9999}#sidebar2 ul li:nth-child(1){border-top-width:1px!important}#sidebar2 ul li{background:#fff;margin:0!important;padding:8px 10px!important;position:relative;border:1px solid #d6dee4;border-top-width:0;border-left-width:4px;border-left-color:#fe8f04;font-size:14px}#sidebar2 ul li a{font-weight:400!important;display:block;color:#555!important;text-decoration:none!important;line-height:1.4em!important;padding-right:8px!important;text-align:left}ul.social-wrapper{display:block;margin:0 auto 20px;padding:0}ul.social-wrapper li{display:inline-block}ul.social-wrapper li a{font-size:20px;display:inline-block;margin-right:3px;background:#d4dae1;font-weight:normal;width:40px;height:40px;line-height:40px;text-align:center;color:#fff;overflow:hidden;border-radius:99em}ul.social-wrapper li a:hover{color:#fff;background:#028271;transition:none}
.fa{display:inline-block;font:normal normal normal 14px/1 FontAwesome;font-size:inherit;text-rendering:auto;-webkit-font-smoothing:antialiased;-moz-osx-font-smoothing:grayscale}.post-body{margin:0;padding:0;line-height:1.6em}h2.title{font-size:250%}.title a,.title a:hover{color:#fff}.post-wrapper{padding:0 35px 35px}.post-footer{display:block}.post h1,.post h2{font-family:&#39;Archivo Narrow&#39;,sans-serif;color:#111!important;margin:0;padding:5px 0 0;font-size:255%;line-height:1.2em;font-weight:700}.post h1 a,.post h1 a:hover{color:#111}#show-menu,#close-menu,#hide{display:none}ul,ol{list-style:none}
/*css menu*/
.navi{font-family:&#39;Archivo Narrow&#39;,sans-serif;width:auto;padding:0;margin:0 auto;height:60px;overflow:hidden}.navi ul{margin:12px auto 0;padding:0;width:auto}.navi ul li{list-style:none;display:inline-block;transition:all 400ms ease-in-out;position:relative;text-transform:uppercase}.navi ul li a{color:#a6e6e5;padding:0;height:60px;line-height:60px;margin-left:17px;font-size:12.5px;font-weight:600;display:inline-block;text-decoration:none}.navi ul li a:hover{color:#fff}
/* CSS Fixed Search Button */
#search{margin:0 auto 35px;padding:0;margin-right:4%!important;-webkit-box-shadow:1px 0 4px 0 rgba(0,0,0,0.06);-moz-box-shadow:1px 0 4px 0 rgba(0,0,0,0.06);box-shadow:1px 0 4px 0 rgba(0,0,0,0.06)}#searchform{color:#505156;width:100%;margin:0 auto;overflow:hidden;position:relative}.search-button,.search-button:hover{clear:both;font-family:&#39;Archivo Narrow&#39;,sans-serif;background-color:#90b6de;border:none;color:#fff;width:180px;height:50px;line-height:50px;padding:0;text-align:center;font-size:25px;cursor:pointer;position:absolute;top:17px;right:17px;font-weight:700}.search-button:active{border-width:3px;outline:none;top:9px}#search-form{background-color:#fff;font-family:&#39;Archivo Narrow&#39;,sans-serif;width:100%;height:85px;line-height:85px;padding:0 20px;-moz-box-sizing:border-box;box-sizing:border-box;border:none;font-weight:700;font-size:30px}#search-form{-webkit-box-sizing:border-box}#search-form:focus{border:none;outline:0;color:#000}#searchform:focus{border:none;outline:0}#box{position:relative;margin:0 auto;display:none}.search-icon span{background:#fe8f04;font-weight:400;width:47px;height:47px;line-height:47px;position:absolute;top:110px;right:0;cursor:pointer;font-size:19px;color:#fff;z-index:9999;text-align:center;border-radius:99em}
/*blog pager*/
#blog-pager,.blog-pager{clear:both;position:relative;display:block;overflow:hidden;margin:0 auto}
/*css footer*/
#footer-wrapper{position:relative;background:#028271;margin:30px auto 0;padding:30px 0 15px;min-height:140px;max-width:100%}.credit-wrapper{font-family:&#39;Archivo Narrow&#39;,sans-serif;margin:0 auto;padding:25px 15px;text-align:center;font-size:13px;text-transform:uppercase;color:#444}.credit-wrapper a{color:#444}.footer-menu,.footer-menu ul{display:block;margin:0 auto;padding:0;text-transform:uppercase;text-align:center}.footer-menu ul li{display:inline-block}#footer-wrapper a{color:#a6e6e5;list-style:none!important}#footer-wrapper a:hover{color:#fff}.footer-menu ul li a{font-family:&#39;Archivo Narrow&#39;,sans-serif;font-size:14px;color:#a6e6e5;padding:20px 12px;display:inline-block}#sidebar-wrapper h2,#sidebar-wrapper h3,.related-post h4{clear:both;font-family:&#39;Archivo Narrow&#39;,sans-serif;text-transform:capitalize;font-size:19px!important;font-weight:700;position:relative;padding:0 0 12px;margin:0 auto;color:#111;text-align:left!important}.post-body{margin:0;padding:0;line-height:1.6em}h2.title{font-size:190%}.title a,.title a:hover{color:#fff}.post-wrapper{padding:0 35px 35px}.post-footer{display:block}.post h1,.post h2{font-family:&#39;Archivo Narrow&#39;,sans-serif;color:#111!important;margin:0;padding:5px 0 0;font-size:255%;line-height:1.2em;font-weight:700}.post h1 a,.post h1 a:hover{color:#111}#show-menu,#close-menu,#hide{display:none}ul,ol{list-style:none}.post-wrapper,.breadcrumbs{background:#fff;-webkit-box-shadow:1px 0 4px 0 rgba(0,0,0,0.06);-moz-box-shadow:1px 0 4px 0 rgba(0,0,0,0.06);box-shadow:1px 0 4px 0 rgba(0,0,0,0.06)}.breadcrumbs{font-size:13px;overflow:hidden;padding:35px 35px 15px;color:#ccc;margin-bottom:-3px!important;text-overflow:ellipsis;white-space:nowrap;overflow:hidden;display:block}.breadcrumbs span a{color:#768187;padding:0}.status-msg-wrap{display:none}.post-info a{color:#111}.breadcrumbs a:hover,.post-info a:hover{color:#028271}.sidebar512{max-width:300px;margin:auto;text-align:center;display:block;background-color:#fff;font-family:&#39;Archivo Narrow&#39;,sans-serif}.sidebar12{background-color:#a6e6e5;width:125px;height:125px;line-height:125px;display:inline-block;margin:15px 6px}.sidebar512 a,.sidebar512 span{margin:auto;text-align:center;background:#fff;padding:0 4px;color:#999;font-size:80%;text-transform:uppercase}
#PopularPosts1 ul{margin:0}.kotak_iklan3{text-align:center}
/* Label */
#sidebar-wrapper .Label ul{margin:0}#sidebar-wrapper .Label li{position:relative;background:#fff;color:#444;font-size:14px;padding:0;margin:0;text-align:left;width:100%}#sidebar-wrapper .Label li:hover{background:#fff;color:#f39c12}#sidebar-wrapper .Label li:before{content:&quot;&quot;;position:absolute;width:2px;height:100%;background:#e9e9e9;opacity:0}#sidebar-wrapper .Label li:hover:before{opacity:1;background:#f39c12}#sidebar-wrapper .Label li a{padding:0 0 0 10px;display:block;position:relative;line-height:42px;color:#222;text-decoration:none;transition:none;border:1px solid #d6dee4;border-top-width:0;border-left-width:4px;border-left-color:#fe8f04}#sidebar-wrapper .Label li:first-child a{border-top:1px solid #d6dee4}#sidebar-wrapper .Label li a:hover{color:#888}#sidebar-wrapper .Label li span{float:right;height:24px;line-height:26px;text-align:center;display:inline-block;font-size:11px;position:absolute;top:9px;right:15px;z-index:2;border-radius:99em;transition:all .3s}#sidebar .Label li:hover span{background:#fff;color:#222;box-shadow:0 0 0 1px rgba(0,0,0,0.08)}
@media screen and (max-width: 1024px) {#limit-wrapper {margin: 0 15px;}}
@media screen and (max-width:768px){ul.social-wrapper{text-align:center}.sidebar4{text-align:center}#limit-wrapper{margin:0 auto}#main-wrapper{width:100%}#sidebar-wrapper{width:100%;max-width:100%;margin:auto;padding:20px 15px 0;float:none;-moz-box-sizing:border-box;-webkit-box-sizing:border-box;box-sizing:border-box}#header-left{margin-left:15px}#header-menu{position:relative;z-index:990;display:block;width:100%;overflow:hidden}.navi{background:#028271;height:auto;overflow:auto}.navi ul li{display:block}.navi ul li a{display:block;height:auto;line-height:1.2em;margin:0;padding:12px 20px;text-align:left;border-top:1px solid #3b9392}#show-menu,#close-menu{position:absolute;top:16px;right:85px}#show-menu,#close-menu{display:block;z-index:3;height:60px}#show-menu a,#show-menu a:hover,#close-menu a,#close-menu a:hover{cursor:pointer;color:#a6e6e5!important;height:60px;line-height:60px;text-align:center!important;font-weight:normal;font-size:15px;font-weight:700}#show-menu a i{color:#fff!important}#mobile-menu-show{display:none}#close-menu{display:none;z-index:999}#search{margin:0 2% 30px!important}.search-icon span{font-weight:400;width:38px;height:38px;line-height:38px;font-size:17px;border-radius:99em;top:21px;right:15px}@media screen and (max-width:600px){#search{margin:0 0 20px!important}}
@media screen and (max-width:480px){#header-wrapper{height:150px}.search-button{display:none}.separator{clear:both;float:none!important;height:auto;width:100%;padding:0;display:block;margin:15px 0;padding:0;text-align:center}.separator img,.separator a img{clear:both;max-width:100%!important;height:auto;width:auto!important;margin:0;padding:0;text-align:center!important;border:none;float:none!important}#show-menu,#close-menu{left:15px!important;top:45px}.navi ul{margin-top:50px}}
@media screen and (max-width:320px){
#header-inner a img {max-width: 200px;}}
@media screen and (max-width:240px){
h1, h2.title {font-size: 150%;}
#header-inner a img {max-width: 150px;}}
</style>
<!-- Homepage Area -->
<b:if cond='data:blog.pageType != &quot;static_page&quot;'>
<b:if cond='data:blog.pageType != &quot;item&quot;'>
<style type='text/css'>
.post h2 a:hover,.post h5 a:hover{color:#028271!important}.breadcrumbs{font-family:&#39;Archivo Narrow&#39;,sans-serif;background:#fff;margin:0 0 30px!important;padding:31px 30px;-webkit-box-shadow:1px 0 4px 0 rgba(0,0,0,0.06);-moz-box-shadow:1px 0 4px 0 rgba(0,0,0,0.06);box-shadow:1px 0 4px 0 rgba(0,0,0,0.06);margin-right:4%!important;font-size:33px!important;color:#111;font-weight:700!important}
/*blog-pager*/
#blog-pager a.home-link,#blog-pager a.blog-pager-newer-link,#blog-pager a.blog-pager-older-link,#blog-pager .blog-pager-newer-link,#blog-pager .blog-pager-older-link{background:#028271;font-size:20px;margin:7px 0;padding:0;color:#fff;font-weight:normal;text-transform:uppercase;float:none;display:inline-block;overflow:hidden;height:50px;width:50px;line-height:50px;text-align:center;list-style:none}#blog-pager a.home-link{text-align:center;display:inline-block;float:none;margin:7px 15px}#blog-pager .blog-pager-newer-link{background:#E57373;color:#fff;float:left!important}#blog-pager .blog-pager-older-link{background:#E57373;color:#fff;float:right!importcant}#blog-pager a:hover.home-link,#blog-pager a:hover.blog-pager-newer-link,#blog-pager a:hover.blog-pager-older-link{background:#E57373;color:#fff}#blog-pager,.blog-pager{padding:0;position:absolute;bottom:30px;left:50%;margin-left:-100px}#main-wrapper{background:none;width:calc(100% - 300px);padding:0 0 140px}
/* Post labels */
.post-labels a{display:inline-block;color:#fff;padding:0;font-size:10px}span.post-labels a.labele:nth-child(n+2),.post-timestamp,.reaction-buttons,.post-comment-link,.showpageOf{display:none}.post-labels a,.post-labels a:hover{color:#fff!important;font-weight:700;text-transform:uppercase;background:#cf9271!important;padding:2px 10px 0;margin:0}.post h2,.post h5{margin:0;padding:10px 0;font-size:150%!important}.post h2 a,.post h5 a{color:#111;text-decoration:none;font-weight:700!important;line-height:1.3em;overflow:hidden;display:block}
/*bagian post*/
.post-wrapper{background:#fff;position:relative;padding:30px;margin-top:-7px;margin-bottom:32px;box-shadow:0 15px 180px #d6dee4}.thumb-rsp{margin:0;width:100%;max-height:250px;overflow:hidden;transition:all 0.5s ease-out;position:relative;z-index:100}.post-outer{margin-right:4%;float:left;width:calc(50% - 4%)}.post-thumbnail{margin:0;width:100%;height:auto;overflow:hidden;transition:all 0.5s ease-out;position:relative;z-index:100}.snippet-container{margin:0;position:relative;overflow:hidden;color:#444;font-weight:normal!important}.post-snippet.snippet-container{max-height:76px;position:relative}.post-snippet .snippet-item{color:#444;font-size:89%;line-height:1.6em;margin:6px 0;display:block}.post-snippet .snippet-fade{background:-webkit-linear-gradient(left,#ffffff 0,#ffffff 20%,rgba(255,255,255,0) 100%);background:linear-gradient(to left,#ffffff 0,#ffffff 20%,rgba(255,255,255,0) 100%);color:#3e3f3c;height:30px}.snippet-fade{bottom:0;right:0;box-sizing:border-box;position:absolute;width:186px;z-index:100}.post-info{display:inline-block;padding:0;margin:0 auto;color:#999;line-height:1.5em;font-size:12px!important}
.date-posts{display:flex;flex-wrap:wrap}
@media screen and (max-width:768px){
#main-wrapper {width: 100%;}
.post-outer{margin:2%;float:left;width:calc(50% - 4%)}
.post-wrapper{margin-bottom:0}}
@media screen and (max-width:640px){
#main-wrapper{padding:0 15px 130px}
.post-outer{margin:0;float:none;width:100%}
.breadcrumbs{margin:0 0 30px!important}
.post-wrapper{margin-bottom:32px}}
@media screen and (max-width:480px){
.post-wrapper {padding:20px;}
.post h2,.post h5{font-size:138%!important}}
</style>
</b:if></b:if>
<!-- Post area -->
<b:if cond='data:blog.pageType == &quot;item&quot;'>
<style type='text/css'>
/* Go Up and Down */
#scrollToTop{display:none;list-style:none;position:fixed;bottom:49%;right:5%;cursor:pointer;-webkit-transform:translateZ(0);transform:translateZ(0);z-index:99}
#scrollToTop a{color:rgba(0,0,0,0.2);font-size:16px}
#scrollToTop a:hover{color:rgba(0,0,0,0.5)}
#top{position:absolute;top:0}
#search{margin-right:0!important}.post-labels{position:absolute;left:-99999px;top:-99999px;z-index:0}
/*Gambar posting*/
.featured-wrapper{display:block;margin:0;padding:0;position:relative;z-index:100}.featured-wrapper img{width:100%;height:auto;margin-top:30px;padding:0;list-style:none;display:block}
/*iklan posting*/
.iklan-posting{padding:0;width:auto;text-align:center;height:auto;margin:20px 0 5px;display:block}.iklan-posting img{max-width:100%;height:auto;text-align:center;display:block;margin:auto}
/*post body*/
.post-body{color:#525252!important;font-weight:400;margin:0}.post-body .separator:nth-of-type(1){clear:both;display:none}.post-body&gt;.separator:nth-child(1){display:none}.post-body a{clear:both;font-weight:700!important}.post-body b{color:#2d2d2d!important;font-weight:bold}.post-body ul,ol{position:relative;display:block;padding:0;margin:.5em 0 .5em 1.5em;text-decoration:none}.post-body li{list-style-type:square}.post-body ol li{list-style-type:number}.post-body blockquote{background:#fdd894;color:#111;font-weight:400;line-height:22px;min-height:60px;padding:20px;margin:5px 0;border-radius:5px}.post-body img{max-width:100%;height:auto}.addthispostme{display:block;position:relative;padding:22px 0 0 0;margin:0 10px;text-align:center;border-top:1px solid rgba(0,0,0,0.25)}.addthispostme h4{margin:0 auto 20px auto;padding:0;color:#3498db;text-transform:uppercase;font-weight:400}.addthispostme h4 span{font-weight:700}.addthispostme h4 span.miringinx{font-weight:400;text-transform:lowercase;font-style:italic}#disqus_thread{padding:10px}
/*pre*/
pre{padding:.5em 1em;margin:1.3em 0;white-space:pre;word-wrap:normal;overflow:auto;background-color:#cf2f1e;font-size:12px;clear:both;border-left:3px solid #f39c12;color:#84999b}code{font-family:Consolas,Monaco,&#39;Andale Mono&#39;,&#39;Courier New&#39;,Courier,Monospace;line-height:15px;color:#900;font-size:14px}pre code{display:block;padding:0.5em;color:#fff;line-height:1.4em}.highlight{-webkit-user-select:all;-moz-user-select:all;-ms-user-select:all;user-select:all}
/*share tombol*/
#share-this{position:relative;margin:0 auto 0 -4px!important;padding:0!important;display:block;overflow:hidden}.social_shares li{margin:0 auto 5px;padding:0;display:block;float:right;min-height:40px;position:relative;margin-left:.5%}.social_shares li a{overflow:hidden;position:relative;color:#fff;padding:0;width:40px;display:inline-block;text-align:center;height:40px;line-height:40px;transition:all 0.25s;margin:0 4px 4px 0;text-transform:uppercase;border-radius:99em}.whatsapp-button a{background:#4dc247}.whatsapp-button a:hover,.google-button a:hover,.facebook-button a:hover,.twitter-button a:hover{color:#fff;opacity:.8}.google-button a{background:#df4a32}.facebook-button a{background:#3a579a}.twitter-button a{background:#00abf0}
/*Button */
#rsp-button{margin:20px auto;text-align:center}#rsp-button a{text-decoration:none;color:#fff}.rspbutton{cursor:pointer!important;overflow:hidden;text-decoration:none;display:inline-block;font-size:100%;border-radius:4px;color:rgba(255,255,255,0.8);font-weight:400;padding:10px 25px;margin:0 5px;box-shadow:0 2px 2px 1px rgba(0,0,0,0.1);font-family:&#39;Archivo Narrow&#39;}.rspbutton.demo{background:#e67e22}.rspbutton.download{background:#3498db}.rspbutton.demo:hover,.rspbutton.demo:active{background:#f49541}.rspbutton.download:hover,.rspbutton.download:hover:active{background:#4aaff3}.social_shares i,.social_shares .fa::before,.social_shares .fa::after,.social-label{line-height:40px;position:relative;z-index:2;font-size:18px!important}.social_shares .fa::before,.social_shares .fa::after{width:40px;height:40px;line-height:38px;display:inline-block;font-size:16px;text-align:center}.social-label{display:inline-block;padding:0 0 0 10px;font-weight:600;font-size:13px}.social-overlay{bottom:0;height:100%;left:0;position:absolute;width:100%;z-index:1;margin:0 0 0 40px;transition:all 0.2s ease-out 0s;-moz-transition:all 0.2s ease-out 0s;-webkit-transition:all 0.2s ease-out 0s}
/* related posts */
#related-wrapper{margin:auto;padding:0}.related-post{width:auto;margin:0 -10px;padding:0}.related-post h4{margin:30px 0 0 10px}.related-post-style-3 li{margin:0!important;width:100%}.related-post-style-3,.related-post-style-3 li,.related-post-style-3 .related-post-item{padding:0;list-style:none;word-wrap:break-word;display:block;-moz-box-sizing:border-box;-webkit-box-sizing:border-box;box-sizing:border-box}.related-post-style-3 li{display:inline-block;float:left;height:auto;padding:0;margin:0 10px!important;position:relative;width:calc(33.33% - 20px)}
.related-post-style-3 .related-post-item-thumbnail{display:block;margin:0;width:100%;height:auto;padding:0;z-index:0;overflow:hidden}.related-post-style-3 .related-post-item-tooltip{background:#f5f5f5;padding:13px 17px 15px;overflow:hidden;display:block;position:relative;margin:0 0}.related-post-style-3 .related-post-item-tooltip a.related-post-item-title{font-size:85%;font-weight:700;display:block;color:#555;padding:0;text-transform:uppercase}.related-post-style-3 .related-post-item-title:hover,.related-post-style-3 .related-post-item-tooltip a:hover{color:#222}
@media screen and (max-width:480px){#related-wrapper{padding:0 15px}.related-post h4{margin:30px 4px 15px 0!important;}.related-post{margin:0;}.related-post-style-3 .related-post-item{display:block;float:none;width:100%;height:auto;margin-bottom:20px!important;padding:0!important;-moz-box-sizing:border-box;-webkit-box-sizing:border-box;box-sizing:border-box}.related-post-style-3 .related-post-item-thumbnail{width:100%;height:auto}}
/* Disqus Comments */
#comments{display:none}.post-comment-link{visibility:hidden}#disqus_thread{margin:10px 0 0 0;padding:0;}#disqusshow{position:relative;overflow:hidden;text-align:center;letter-spacing:.5px;display:inline-block;margin:30px auto;outline:none;cursor:pointer;font-weight:700;border:1px solid #028271;height:45px;color:#fff;line-height:45px;padding:0 30px;font-size:90%;background:#5fa281;border-radius:3px;transition:initial}#disqusshow:hover,#disqusshow:active{background:#fe8f04;border-color:#d07400;color:#fff}.comments-blocks{display:block;text-align:center;margin:auto}
#disqusshow:after{content:&quot;&quot;;position:absolute;height:1px;top:0;left:2px;background-color:hsla(0,0%,100%,.3);width:calc(100% - 4px)}
/* Table */
.post-body table{width:100%}.post-body table th{color:#3498db;border:1px solid rgba(0,0,0,0.05);padding:10px 15px;text-align:left;vertical-align:top;font-size:18px}.post-body table tr:nth-child(2n)&gt;td{background-color:#fff}.post-body table td{background:#fff;border:1px solid rgba(0,0,0,0.05);padding:0;text-align:left;vertical-align:top;color:#30373c}.post-body table caption{background:#fff;padding:0;text-align:left;vertical-align:top;color:#30373c}.post-body iframe{width:100%!important}
@media screen and (max-width:960px){.post-body iframe{max-height:90%}}@media screen and (max-width:768px){.post-body iframe{max-height:75%}}@media screen and (max-width:600px){.post-body iframe{max-height:60%}}@media screen and (max-width:480px){.post-body iframe{height:auto!important;max-height:auto!important}}@media screen and (max-width:880px){.post h1{font-size:210%}.related-post-style-3 .related-post-item-thumbnail{height:auto}}@media screen and (max-width:768px){#main-wrapper{padding:0 10px}}@media screen and (max-width:600px){.post-wrapper{padding:0 20px 20px}.breadcrumbs{padding:20px 20px 10px}.post-info{padding:30px 15px 20px}.author{margin:20px 0 35px!important}.post h1{font-size:185%}}@media screen and (max-width:480px){.post h1{font-size:175%}.post-body h2{font-size:17px}.post-info{margin:30px auto 10px;text-align:center}ul.sosmed-saya{display:block;text-align:center}ul.sosmed-saya li{display:inline-block;text-align:center}.author a,.author a:hover{color:#888.related-post h4{margin:30px 0 15px 0}}@media screen and (max-width:320px){#main-wrapper{padding:0}.breadcrumbs{padding:18px 15px 8px}.post-wrapper{padding:0 15px 15px}.post h1{font-size:145%}#blog-pager a.blog-pager-older-link,#blog-pager a.blog-pager-newer-link,#blog-pager .blog-pager-older-link,#blog-pager .blog-pager-newer-link{float:none!important;display:block}#blog-pager,.blog-pager{text-align:center;padding:20px 15px}.social_shares li{width:100%}}@media screen and (max-width:240px){.post h1{font-size:125%}}
</style>
</b:if>
<b:if cond='data:blog.pageType == &quot;static_page&quot;'>
<style type='text/css'>
#comments, #blog-pager, #sidebar-wrapper, #header-menu, .search-icon, .breadcrumbs,.comments-blocks{display:none;visibility:hidden}
#main-wrapper{min-height:500px;width:100%;max-width:728px;margin:0 auto;float:none;padding:0}
#header-left{width:100%;margin:25px auto;text-align:center;display:block;overflow:hidden;height:40px}
#header-inner a img{margin:0 auto;}
.iklan-posting{margin:0 0 30px}.post h1{margin:0 auto 15px;padding:0 0 15px;line-height:1.3em;font-weight:700;display:block;border-bottom:2px solid #f39c12}.post-wrapper{background:#fff;-webkit-box-shadow:1px 0 4px 0 rgba(0,0,0,0.06);-moz-box-shadow:1px 0 4px 0 rgba(0,0,0,0.06);box-shadow:1px 0 4px 0 rgba(0,0,0,0.06);padding:30px}.featured-wrapper{display:block;margin:20px 0 5px;padding:0;overflow:hidden}.featured-wrapper img{width:100%;height:auto}.post-body .separator:nth-of-type(1){clear:both;display:none}.post-body&gt;.separator:nth-child(1){display:none}
@media screen and (max-width:1024px){#show-menu,#close-menu{display:none}}@media screen and (max-width:880px){.post h1{font-size:210%}}@media screen and (max-width:880px){#main-wrapper{padding:0 10px}}@media screen and (max-width:600px){.post-wrapper{padding:20px}}@media screen and (max-width:320px){#main-wrapper{padding:0}.post-wrapper{padding:15px}.post h1{font-size:145%}}
</style>
</b:if>
<script src='https://ajax.googleapis.com/ajax/libs/jquery/1.7.1/jquery.min.js'/>
<script type='text/javascript'>
//<![CDATA[
function loadCSS(e, t, n) { "use strict"; var i = window.document.createElement("link"); var o = t || window.document.getElementsByTagName("script")[0]; i.rel = "stylesheet"; i.href = e; i.media = "only x"; o.parentNode.insertBefore(i, o); setTimeout(function () { i.media = n || "all" }) };loadCSS("https://fonts.googleapis.com/css?family=Archivo+Narrow:400,400i,700,700i|Roboto:400,400i,700,700i");loadCSS("https://maxcdn.bootstrapcdn.com/font-awesome/4.7.0/css/font-awesome.min.css");
//]]>
</script>
&lt;!--<head/>--&gt;
<body>
<b:if cond='data:blog.pageType == &quot;error_page&quot;'>
<style scoped='scoped' type='text/css'>
/* CSS Error */
body{margin:0;padding:0;background:#e3614f;color:#fff}#container-error{text-align:center;z-index:99999;width:100%;height:100%;top:0;right:0;bottom:0;left:0;padding:0;font-size:1.2rem;font-weight:700}#container-error h3,#container-error h4{display:block;text-align:center;margin-bottom:30px;font-size:2rem;font-weight:700;color:#fff}#container-error h3{margin-top:30px}#error-page{position:relative;max-width:920px;margin:6% auto;line-height:normal}.btn404{font-weight:400;font-family:&#39;Archivo Narrow&#39;,sans-serif;text-align:center;font-size:1.2em;margin:60px auto 50px}.btn404 a{cursor:pointer;padding:20px 40px;background:transparent;color:#fff;border:2px solid;border-radius:99em}.btn404 a:hover{color:#fff;background:#fff;color:#E3614F}.error_left i{clear:both;font-size:7rem;color:#fff}.foot404{display:block;font-weight:normal;font-size:13px;padding:0 20px;opacity:0.6}.foot404 a{color:#fff;text-transform:uppercase}
</style>
<body>
<div id='container-error'>
<div id='error-page'>
<div class='error_left'><i aria-hidden='true' class='fa fa-warning'/></div>
<h3>We are sorry, Page not found</h3>
The page you are looking for might have been removed had its name changed or is temporarily unavailable
<div class='btn404'><a expr:href='data:blog.homepageUrl' expr:title='data:blog.title' itemprop='url'> Homepage</a></div>
</div>
<div class='foot404'><a expr:href='data:blog.homepageUrl' expr:title='data:blog.title' itemprop='url'><data:blog.title/></a>. All Rights Reserved. Template By <span id='asalseov'><a class='asalseov' href='https://www.naminakiky.com' id='secure' rel='nofollow noopener' target='_blank' title='Namina'>Namina</a></span></div>
</div>
</body>
</b:if>
<b:if cond='data:blog.pageType != &quot;error_page&quot;'>
<header id='header-wrapper' itemscope='itemscope' itemtype='https://schema.org/WPHeader' role='banner'>
<div id='limit-wrapper'>
<!--<b:if cond='data:blog.isMobileRequest == &quot;true&quot;'>-->
<div class='show-menu' id='show-menu'><a href='javascript:void(0)' onclick='document.getElementById(&apos;mobile-menu-show&apos;).style.display=&apos;block&apos;;document.getElementById(&apos;close-menu&apos;).style.display=&apos;block&apos;;document.getElementById(&apos;show-menu&apos;).style.display=&apos;none&apos;'><i aria-hidden='true' class='fa fa-align-left'/> MENU</a></div>
<div id='close-menu'><a href='javascript:void(0)' onclick='document.getElementById(&apos;mobile-menu-show&apos;).style.display=&apos;none&apos;;document.getElementById(&apos;close-menu&apos;).style.display=&apos;none&apos;;document.getElementById(&apos;show-menu&apos;).style.display=&apos;block&apos;'><i aria-hidden='true' class='fa fa-align-left'/> Close</a></div>
<div id='header-left'>
<header itemprop='mainEntity' itemscope='itemscope' itemtype='https://schema.org/WPHeader'>
  <b:section class='header' id='header' maxwidgets='1' showaddelement='yes'>
    <b:widget id='Header1' locked='false' title='Bung Frangki (Header)' type='Header' version='1'>
      <b:widget-settings>
        <b:widget-setting name='displayUrl'/>
        <b:widget-setting name='displayHeight'>0</b:widget-setting>
        <b:widget-setting name='sectionWidth'>-1</b:widget-setting>
        <b:widget-setting name='useImage'>false</b:widget-setting>
        <b:widget-setting name='shrinkToFit'>false</b:widget-setting>
        <b:widget-setting name='imagePlacement'>BEHIND</b:widget-setting>
        <b:widget-setting name='displayWidth'>0</b:widget-setting>
      </b:widget-settings>
      <b:includable id='main'>
  <b:if cond='data:useImage'>
    <b:if cond='data:imagePlacement == &quot;BEHIND&quot;'>
      <!--
      Show image as background to text. You can't really calculate the width
      reliably in JS because margins are not taken into account by any of
      clientWidth, offsetWidth or scrollWidth, so we don't force a minimum
      width if the user is using shrink to fit.
      This results in a margin-width's worth of pixels being cropped. If the
      user is not using shrink to fit then we expand the header.
      -->
      <b:if cond='data:mobile'>
        <div id='header-inner'>
          <div class='titlewrapper' style='background: transparent'>
            <h1 class='title' itemprop='headline' style='background: transparent; border-width: 0px'><b:if cond='data:blog.pageType != &quot;item&quot;'> <b:include name='title'/> <b:else/> <data:blog.pageName/> </b:if></h1>
          </div>
          <b:include name='description'/>
        </div>
      <b:else/>
        <div expr:style='&quot;background-image: url(\&quot;&quot; + data:sourceUrl + &quot;\&quot;); &quot;                      + &quot;background-position: &quot;                      + data:backgroundPositionStyleStr + &quot;; &quot;                      + data:widthStyleStr                      + &quot;min-height: &quot; + data:height                      + &quot;_height: &quot; + data:height                      + &quot;background-repeat: no-repeat; &quot;' id='header-inner'>
          <div class='titlewrapper' style='background: transparent'>
            <h1 class='title' itemprop='headline' style='background: transparent; border-width: 0px'><b:if cond='data:blog.pageType != &quot;item&quot;'> <b:include name='title'/> <b:else/> <data:blog.pageName/> </b:if></h1>
          </div>
          <b:include name='description'/>
        </div>
      </b:if>
    <b:else/>
      <!--Show the image only-->
      <div id='header-inner'>
        <a expr:href='data:blog.homepageUrl' style='display: block'>
          <img expr:alt='data:title' expr:height='data:height' expr:id='data:widget.instanceId + &quot;_headerimg&quot;' expr:src='data:sourceUrl' expr:title='data:title' expr:width='data:width' style='display: block'/>
        </a>
        <!--Show the description-->
        <b:if cond='data:imagePlacement == &quot;BEFORE_DESCRIPTION&quot;'>
          <b:include name='description'/>
        </b:if>
      </div>
    </b:if>
  <b:else/>
    <!--No header image -->
    <div id='header-inner'>
      <div class='titlewrapper'>
<b:if cond='data:blog.pageType == &quot;index&quot;'>
        <h1 class='title' itemprop='headline name'><a expr:href='data:blog.homepageUrl' expr:title='data:blog.title' itemprop='url'><data:title/></a></h1>
	<b:else/>
<b:if cond='data:blog.pageType == &quot;static_page&quot;'>
<h1 class='title' itemprop='headline name'><a expr:href='data:blog.homepageUrl' expr:title='data:blog.title' itemprop='url'><data:title/></a></h1>
	<b:else/>
<b:if cond='data:blog.pageType == &quot;item&quot;'>
        <h2 class='title' itemprop='name headline'><a expr:href='data:blog.homepageUrl' expr:title='data:blog.title' itemprop='url'><data:title/></a></h2>
	<b:else/>
 <h2 class='title' itemprop='name headline'><a expr:href='data:blog.homepageUrl' expr:title='data:blog.title' itemprop='url'><data:title/></a></h2>
  </b:if>
  </b:if>
  </b:if>
      </div>
      <b:include name='description'/>
    </div>
  </b:if>
</b:includable>
      <b:includable id='description'>
  <div class='descriptionwrapper'>
    <p class='description' itemprop='description'><span><data:description/></span></p>
  </div>
</b:includable>
      <b:includable id='title' itemprop='name'>
  <b:if cond='data:blog.url == data:blog.homepageUrl'>
    <data:title/>
  <b:else/>
    <a expr:href='data:blog.homepageUrl' itemprop='url'><data:title/></a>
  </b:if>
</b:includable>
    </b:widget>
  </b:section>
  </header>
<div class='clear'/>
</div>
<div id='header-menu'>
<nav class='navi' id='navi' itemprop='mainEntity' itemscope='itemscope' itemtype='https://schema.org/SiteNavigationElement' role='navigation'>
 <ul class='menu-mobile' id='mobile-menu-show'>
   <li><a href='#' itemprop='url' rel='nofollow' title='Blogger'><span itemprop='name'> Blogger</span></a></li>
   <li><a href='#' itemprop='url' rel='nofollow' title='Entertaintment'><span itemprop='name'> Entertaintment</span></a></li>
   <li><a href='#' itemprop='url' rel='nofollow' title='Lifestyle'><span itemprop='name'> Lifestyle</span></a></li>
   <li><a href='#' itemprop='url' rel='nofollow' title='Technology'><span itemprop='name'>Technology</span></a></li>
   <li><a href='#' itemprop='url' rel='nofollow' title='Travel'><span itemprop='name'> Travel</span></a></li>
   <li><a href='#' itemprop='url' rel='nofollow' title='Error 404'><span itemprop='name'> Error 404</span></a></li>
</ul></nav>
</div>
<div class='search-icon'>
<div id='show'>
<span class='smallbutton' href='javascript:void(0)' onclick='document.getElementById(&apos;box&apos;).style.display=&apos;block&apos;;document.getElementById(&apos;hide&apos;).style.display=&apos;block&apos;;document.getElementById(&apos;show&apos;).style.display=&apos;none&apos;'><i aria-hidden='true' class='fa fa-search'/></span>
</div>
<div id='hide'>
<span class='smallbutton' href='javascript:void(0)' onclick='document.getElementById(&apos;box&apos;).style.display=&apos;none&apos;;document.getElementById(&apos;hide&apos;).style.display=&apos;none&apos;;document.getElementById(&apos;show&apos;).style.display=&apos;block&apos;'><i aria-hidden='true' class='fa fa-search'/></span>
</div>
</div>
</div>
<div class='clear'/> 
 <b:if cond='data:blog.pageType == &quot;index&quot;'>
<h1 class='title-cadangan' itemprop='headline'><a expr:href='data:blog.homepageUrl' expr:title='data:blog.title' itemprop='url'><data:blog.title/></a></h1>   
  </b:if>
<b:if cond='data:blog.pageType != &quot;index&quot;'>
<h2 class='title-cadangan' itemprop='headline'><a expr:href='data:blog.homepageUrl' expr:title='data:blog.title' itemprop='url'><data:blog.title/></a></h2> 
</b:if> 
</header><!-- end header-wrapper -->
<div id='content-wrapper'>
<div id='limit-wrapper'>
<div id='main-wrapper' itemprop='mainContentOfPage' itemscope='itemscope' itemtype='https://schema.org/Blog' role='main'>
<div id='box'>
<div id='search'>
<div itemprop='mainEntity' itemscope='itemscope' itemtype='https://schema.org/WebSite'>
<form action='/search' id='searchform' itemprop='potentialAction' itemscope='itemscope' itemtype='https://schema.org/SearchAction' method='get'>
<input id='search-form' name='q' placeholder='Search this site...' required='required' type='text'/>
<input expr:value='data:blog.homepageUrl' name='as_sitesearch' type='hidden'/>
<button class='search-button' title='Search' type='submit'><i aria-hidden='true' class='fa fa-search'/></button>
</form>
</div>
</div>
</div>
<b:section class='main' id='main'>
  <b:widget id='Blog1' locked='true' title='Posting Blog' type='Blog' version='1'>
    <b:widget-settings>
      <b:widget-setting name='showDateHeader'>true</b:widget-setting>
      <b:widget-setting name='style.textcolor'>#000000</b:widget-setting>
      <b:widget-setting name='showShareButtons'>false</b:widget-setting>
      <b:widget-setting name='authorLabel'>By</b:widget-setting>
      <b:widget-setting name='showCommentLink'>true</b:widget-setting>
      <b:widget-setting name='style.urlcolor'>#008000</b:widget-setting>
      <b:widget-setting name='showAuthor'>true</b:widget-setting>
      <b:widget-setting name='style.linkcolor'>#0000ff</b:widget-setting>
      <b:widget-setting name='style.unittype'>TextAndImage</b:widget-setting>
      <b:widget-setting name='style.bgcolor'>#ffffff</b:widget-setting>
      <b:widget-setting name='timestampLabel'>on</b:widget-setting>
      <b:widget-setting name='showAuthorProfile'>false</b:widget-setting>
      <b:widget-setting name='style.layout'>1x1</b:widget-setting>
      <b:widget-setting name='showLabels'>true</b:widget-setting>
      <b:widget-setting name='showLocation'>false</b:widget-setting>
      <b:widget-setting name='showTimestamp'>true</b:widget-setting>
      <b:widget-setting name='postsPerAd'>1</b:widget-setting>
      <b:widget-setting name='showBacklinks'>false</b:widget-setting>
      <b:widget-setting name='style.bordercolor'>#ffffff</b:widget-setting>
      <b:widget-setting name='showInlineAds'>false</b:widget-setting>
      <b:widget-setting name='showReactions'>false</b:widget-setting>
    </b:widget-settings>
    <b:includable id='main' var='top'>
<b:include data='posts' name='breadcrumb'/>
  <b:if cond='!data:mobile'>
    <!-- posts -->
    <div class='blog-posts hfeed'>
      <b:include data='top' name='status-message'/>
      <b:loop values='data:posts' var='post'>
        <b:if cond='data:post.isDateStart and not data:post.isFirstPost'>
          &lt;/div&gt;&lt;/div&gt;
        </b:if>
        <b:if cond='data:post.isDateStart'>
          &lt;div class=&quot;date-outer&quot;&gt;
        </b:if>
        <b:if cond='data:post.isDateStart'>
          &lt;div class=&quot;date-posts&quot;&gt;
        </b:if>
        <div class='post-outer'>
          <b:include data='post' name='post'/>
<b:if cond='data:blog.pageType == &quot;item&quot;'>
  <div class='clear'/>
      </b:if>
          <b:include cond='data:blog.pageType in {&quot;static_page&quot;,&quot;item&quot;}' data='post' name='comment_picker'/>
        </div>
        <!-- Ad -->
        <b:if cond='data:post.includeAd'>
          <div class='inline-ad'>
            <data:adCode/>
          </div>
        </b:if>
      </b:loop>
      <b:if cond='data:numPosts != 0'>
        &lt;/div&gt;&lt;/div&gt;
      </b:if>
    </div>
    <!-- navigation -->
    <b:include name='nextprev'/>
    <!-- feed links -->
    <b:include name='feedLinks'/>
  <b:else/>
    <b:include name='mobile-main'/>
  </b:if>
  <b:include cond='data:top.showPlusOne' name='googlePlusBootstrap'/>
</b:includable>
    <b:includable id='backlinkDeleteIcon' var='backlink'>
  <span expr:class='&quot;item-control &quot; + data:backlink.adminClass'>
    <a expr:href='data:backlink.deleteUrl' expr:title='data:top.deleteBacklinkMsg'>
      <img src='https://resources.blogblog.com/img/icon_delete13.gif'/>
    </a>
  </span>
</b:includable>
    <b:includable id='backlinks' var='post'>
  <a name='links'/><h4><data:post.backlinksLabel/></h4>
  <b:if cond='data:post.numBacklinks != 0'>
    <dl class='comments-block' id='comments-block'>
      <b:loop values='data:post.backlinks' var='backlink'>
        <div class='collapsed-backlink backlink-control'>
          <dt class='comment-title'>
            <span class='backlink-toggle-zippy'>&#160;</span>
            <a expr:href='data:backlink.url' rel='nofollow'><data:backlink.title/></a>
            <b:include data='backlink' name='backlinkDeleteIcon'/>
          </dt>
          <dd class='comment-body collapseable'>
            <data:backlink.snippet/>
          </dd>
          <dd class='comment-footer collapseable'>
            <span class='comment-author'><data:post.authorLabel/> <data:backlink.author/></span>
            <span class='comment-timestamp'><data:post.timestampLabel/> <data:backlink.timestamp/></span>
          </dd>
        </div>
      </b:loop>
    </dl>
  </b:if>
  <p class='comment-footer'>
    <a class='comment-link' expr:href='data:post.createLinkUrl' expr:id='data:widget.instanceId + &quot;_backlinks-create-link&quot;' target='_blank'><data:post.createLinkLabel/></a>
  </p>
</b:includable>
    <b:includable id='breadcrumb' var='posts'><b:if cond='data:blog.homepageUrl != data:blog.url'>
<b:if cond='data:blog.pageType == &quot;static_page&quot;'>
<div class='breadcrumbs'><span><a expr:href='data:blog.homepageUrl' rel='tag'>Home</a></span>  &#8250; <span><data:blog.pageName/></span></div>
<b:else/>
<b:if cond='data:blog.pageType == &quot;item&quot;'>
<!-- breadcrumb for the post page -->
<b:loop values='data:posts' var='post'>
<b:if cond='data:post.labels'>
<div class='breadcrumbs'>
<span itemscope='' itemtype='https://data-vocabulary.org/Breadcrumb'><a expr:href='data:blog.homepageUrl' itemprop='url'><span itemprop='title'>Home</span></a></span>
<b:loop values='data:post.labels' var='label'>
   &#8250; <span itemscope='' itemtype='https://data-vocabulary.org/Breadcrumb'><a expr:href='data:label.url' itemprop='url'><span itemprop='title'><data:label.name/></span></a></span>
</b:loop>
 &#8250; <span><data:post.title/></span>
</div>
<b:else/>
<div class='breadcrumbs'><span><a expr:href='data:blog.homepageUrl' rel='tag'>Home</a></span>  &#8250; <span>Unlabelled</span>  &#8250; <span><data:post.title/></span></div>
</b:if>
</b:loop>
<b:else/>
<b:if cond='data:blog.pageType == &quot;archive&quot;'>
<!-- breadcrumb for the label archive page and search pages.. -->
<div class='breadcrumbs'>
<span><a expr:href='data:blog.homepageUrl'>Home</a></span> &#8250; <span>Archives for <data:blog.pageName/></span>
</div>
<b:else/>
<b:if cond='data:blog.pageType == &quot;index&quot;'>
<div class='breadcrumbs'>
<b:if cond='data:blog.pageName == &quot;&quot;'>
<span><a expr:href='data:blog.homepageUrl'>Home</a></span> &#8250; <span>All posts</span>
<b:else/>
<span><a expr:href='data:blog.homepageUrl'>Home</a></span> &#8250; <span>Posts filed under <data:blog.pageName/></span>
</b:if>
</div>
</b:if>
</b:if>
</b:if>
</b:if>
</b:if>
</b:includable>
    <b:includable id='comment-form' var='post'/>
    <b:includable id='commentDeleteIcon' var='comment'/>
    <b:includable id='comment_count_picker' var='post'/>
    <b:includable id='comment_picker' var='post'>
  <b:if cond='data:post.commentSource == 1'>
    <b:include data='post' name='iframe_comments'/>
  <b:elseif cond='data:post.showThreadedComments'/>
   <b:include data='post' name='comments'/>
  <b:else/>
    <b:include data='post' name='comments'/>
  </b:if>
</b:includable>
    <b:includable id='comments' var='post'>
<div class='comments-blocks'>
<div id='disqusshow' onclick='load_Comments()'>Load comments</div>
<div id='disqus_thread'/>
</div>
<div class='comments' id='comments'/>
</b:includable>
    <b:includable id='disqus-comment' var='post'>
<script type='text/javascript'>
var disqus_blogger_current_url = &quot;<data:blog.canonicalUrl/>&quot;;
                if (!disqus_blogger_current_url.length) {
                    disqus_blogger_current_url = &quot;<data:blog.url/>&quot;;
                }
var disqus_blogger_homepage_url = &quot;<data:blog.homepageUrl/>&quot;;
                var disqus_blogger_canonical_homepage_url = &quot;<data:blog.canonicalHomepageUrl/>&quot;;
</script>
</b:includable>
    <b:includable id='feedLinks'>
  <b:if cond='data:blog.pageType != &quot;item&quot;'> <!-- Blog feed links -->
    <b:if cond='data:feedLinks'>
      <div class='blog-feeds'>
        <b:include data='feedLinks' name='feedLinksBody'/>
      </div>
    </b:if>
  <b:else/> <!--Post feed links -->
    <div class='post-feeds'>
      <b:loop values='data:posts' var='post'>
        <b:include cond='data:post.allowComments and data:post.feedLinks' data='post.feedLinks' name='feedLinksBody'/>
      </b:loop>
    </div>
  </b:if>
</b:includable>
    <b:includable id='feedLinksBody' var='links'>
  <div class='feed-links'>
  <data:feedLinksMsg/>
  <b:loop values='data:links' var='f'>
     <a class='feed-link' expr:href='data:f.url' expr:type='data:f.mimeType' target='_blank'><data:f.name/> (<data:f.feedType/>)</a>
  </b:loop>
  </div>
</b:includable>
    <b:includable id='iframe_comments' var='post'>
  <b:if cond='data:post.allowIframeComments'>
    <script expr:src='data:post.iframeCommentSrc' type='text/javascript'/>
    <div class='cmt_iframe_holder' expr:data-href='data:post.url.canonical' expr:data-viewtype='data:post.viewType'/>
    <b:if cond='data:post.embedCommentForm == &quot;false&quot;'>
      <a expr:href='data:post.addCommentUrl' expr:onclick='data:post.addCommentOnclick'><data:postCommentMsg/></a>
    </b:if>
  </b:if>
</b:includable>
    <b:includable id='mobile-index-post' var='post'>
  <div class='mobile-date-outer date-outer'>
    <b:if cond='data:post.dateHeader'>
      <div class='date-header'>
        <span><data:post.dateHeader/></span>
      </div>
    </b:if>
    <div class='mobile-post-outer'>
      <a expr:href='data:post.url'>
        <h3 class='mobile-index-title entry-title' itemprop='name'>
          <data:post.title/>
        </h3>
        <div class='mobile-index-arrow'>&amp;rsaquo;</div>
        <div class='mobile-index-contents'>
          <b:if cond='data:post.thumbnailUrl'>
            <div class='mobile-index-thumbnail'>
              <div class='Image'>
                <img expr:src='data:post.thumbnailUrl'/>
              </div>
            </div>
          </b:if>
          <div class='post-body'>
            <b:if cond='data:post.snippet'><data:post.snippet/></b:if>
          </div>
        </div>
       <div class='clear'/>
      </a>
      <div class='mobile-index-comment'>
        <b:include cond='data:blog.pageType != &quot;static_page&quot;                          and data:post.allowComments                          and data:post.numComments != 0' data='post' name='comment_count_picker'/>
      </div>
    </div>
  </div>
</b:includable>
    <b:includable id='mobile-main' var='top'>
    <!-- posts -->
    <div class='blog-posts hfeed'>
      <b:include data='top' name='status-message'/>
      <b:if cond='data:blog.pageType == &quot;index&quot;'>
        <b:loop values='data:posts' var='post'>
          <b:include data='post' name='mobile-index-post'/>
        </b:loop>
      <b:else/>
        <b:loop values='data:posts' var='post'>
          <b:include data='post' name='mobile-post'/>
        </b:loop>
      </b:if>
    </div>
   <b:include name='mobile-nextprev'/>
</b:includable>
    <b:includable id='mobile-nextprev'>
  <div class='blog-pager' id='blog-pager'>
    <b:if cond='data:newerPageUrl'>
      <div class='mobile-link-button' id='blog-pager-newer-link'>
      <a class='blog-pager-newer-link' expr:href='data:newerPageUrl' expr:id='data:widget.instanceId + &quot;_blog-pager-newer-link&quot;' expr:title='data:newerPageTitle'>&amp;lsaquo;</a>
      </div>
    </b:if>
    <b:if cond='data:olderPageUrl'>
      <div class='mobile-link-button' id='blog-pager-older-link'>
      <a class='blog-pager-older-link' expr:href='data:olderPageUrl' expr:id='data:widget.instanceId + &quot;_blog-pager-older-link&quot;' expr:title='data:olderPageTitle'>&amp;rsaquo;</a>
      </div>
    </b:if>
    <div class='mobile-link-button' id='blog-pager-home-link'>
    <a class='home-link' expr:href='data:blog.homepageUrl'><data:homeMsg/></a>
    </div>
    <div class='mobile-desktop-link'>
      <a class='home-link' expr:href='data:desktopLinkUrl'><data:desktopLinkMsg/></a>
    </div>
  </div>
  <div class='clear'/>
</b:includable>
    <b:includable id='mobile-post' var='post'>
  <div class='date-outer'>
    <b:if cond='data:post.dateHeader'>
      <h2 class='date-header'><span><data:post.dateHeader/></span></h2>
    </b:if>
    <div class='date-posts'>
      <div class='post-outer'>
        <div class='post hentry uncustomized-post-template' itemscope='itemscope' itemtype='https://schema.org/BlogPosting'>
          <b:if cond='data:post.thumbnailUrl'>
            <meta expr:content='data:post.thumbnailUrl' itemprop='image_url'/>
          </b:if>
          <meta expr:content='data:blog.blogId' itemprop='blogId'/>
          <meta expr:content='data:post.id' itemprop='postId'/>
          <a expr:name='data:post.id'/>
          <b:if cond='data:post.title'>
            <h2 class='post-title entry-title' itemprop='headline name'>
              <b:if cond='data:post.link'>
                <a expr:href='data:post.link'><data:post.title/></a>
              <b:elseif cond='data:post.url and data:blog.url != data:post.url'/>
                <a expr:href='data:post.url'><data:post.title/></a>
              <b:else/>
                <data:post.title/>
              </b:if>
            </h2>
          </b:if>
          <div class='post-header'>
            <div class='post-header-line-1'/>
          </div>
          <div class='post-body entry-content' expr:id='&quot;post-body-&quot; + data:post.id' itemprop='articleBody'>
            <data:post.body/>
<div class='clear'/> <!-- clear for photos floats -->
          </div>
          <div class='post-footer'>
            <div class='post-footer-line post-footer-line-1'>
              <span class='post-author vcard'>
                <b:if cond='data:top.showAuthor'>
                  <b:if cond='data:post.authorProfileUrl'>
                    <span class='fn' itemprop='author' itemscope='itemscope' itemtype='https://schema.org/Person'>
                      <meta expr:content='data:post.authorProfileUrl' itemprop='url'/>
                      <a expr:href='data:post.authorProfileUrl' rel='author' title='author profile'>
                        <span itemprop='name'><data:post.author/></span>
                      </a>
                    </span>
                  <b:else/>
                    <span class='fn' itemprop='author' itemscope='itemscope' itemtype='https://schema.org/Person'>
                      <span itemprop='name'><data:post.author/></span>
                    </span>
                  </b:if>
                </b:if>
              </span>
              <span class='post-timestamp'>
                <b:if cond='data:top.showTimestamp'>
                  <data:top.timestampLabel/>
                  <b:if cond='data:post.url'>
                    <meta expr:content='data:post.url.canonical' itemprop='url'/>
                    <a class='timestamp-link' expr:href='data:post.url' rel='bookmark' title='permanent link'><abbr class='published' expr:title='data:post.timestampISO8601' itemprop='datePublished'><data:post.timestamp/></abbr></a>
                  </b:if>
                </b:if>
              </span>
              <span class='post-comment-link'>
                <b:include cond='data:blog.pageType not in {&quot;item&quot;,&quot;static_page&quot;}                                  and data:post.allowComments' data='post' name='comment_count_picker'/>
              </span>
            </div>
            <div class='post-footer-line post-footer-line-2'>
              <b:if cond='data:top.showMobileShare'>
                <div class='mobile-link-button goog-inline-block' id='mobile-share-button'>
                  <a href='javascript:void(0);'><data:shareMsg/></a>
                </div>
              </b:if>
              <b:if cond='data:top.showDummy'>
                <div class='goog-inline-block dummy-container'><data:post.dummyTag/></div>
              </b:if>
            </div>
          </div>
        </div>
        <b:include cond='data:blog.pageType in {&quot;static_page&quot;,&quot;item&quot;}' data='post' name='comment_picker'/>
      </div>
    </div>
  </div>
</b:includable>
    <b:includable id='nextprev'>
<b:if cond='data:blog.pageType != &quot;item&quot;'>
  <div class='blog-pager' id='blog-pager'>
    <b:if cond='data:newerPageUrl'>
      <span id='blog-pager-newer-link'>
      <a class='blog-pager-newer-link' expr:href='data:newerPageUrl' expr:id='data:widget.instanceId + &quot;_blog-pager-newer-link&quot;' expr:title='data:newerPageTitle'><i aria-hidden='true' class='fa fa-chevron-left'/></a>
      </span>
<b:else/>
      <span class='blog-pager-newer-link'><i aria-hidden='true' class='fa fa-map-marker'/></span>
    </b:if>
   <a class='home-link' expr:href='data:blog.homepageUrl'><i aria-hidden='true' class='fa fa-home'/></a>
    <b:if cond='data:olderPageUrl'>
      <span id='blog-pager-older-link'>
      <a class='blog-pager-older-link' expr:href='data:olderPageUrl' expr:id='data:widget.instanceId + &quot;_blog-pager-older-link&quot;' expr:title='data:olderPageTitle'><i aria-hidden='true' class='fa fa-chevron-right'/></a>
      </span>
<b:else/>
      <span class='blog-pager-older-link'><i aria-hidden='true' class='fa fa-map-marker'/></span>
    </b:if>
    <b:if cond='data:mobileLinkUrl'>
      <div class='blog-mobile-link'>
        <a expr:href='data:mobileLinkUrl'><data:mobileLinkMsg/></a>
      </div>
    </b:if>
  </div>
  <div class='clear'/>
      </b:if>
</b:includable>
    <b:includable id='post' var='post'>
<article class='post hentry' expr:id='data:post.id' itemprop='blogPost' itemscope='itemscope' itemtype='https://schema.org/BlogPosting'>
<meta expr:content='data:post.url' itemprop='mainEntityOfPage'/>
<span itemprop='publisher' itemscope='itemscope' itemtype='https://schema.org/Organization'>
    <meta expr:content='data:blog.title' itemprop='name'/>
    <span itemprop='logo' itemscope='itemscope' itemtype='https://schema.org/ImageObject'>
        <meta content='https://3.bp.blogspot.com/-mLSYPK5a8oE/We9Y6kJxLmI/AAAAAAAACeA/CTFbvW84HeoTJfnlNgF0TeovVxCBfUp9gCLcBGAs/s1600/Tricky_logo.jpg' itemprop='url'/>
        <meta content='146' itemprop='width'/>
        <meta content='146' itemprop='height'/>
    </span>
</span>     
<b:if cond='data:post.firstImageUrl'>
<div itemprop='image' itemscope='itemscope' itemtype='https://schema.org/ImageObject'>
<meta expr:content='data:post.firstImageUrl' itemprop='url'/>
<meta content='320' itemprop='width'/>
<meta content='172' itemprop='height'/>
</div>
</b:if>
<a expr:name='data:post.id'/>
    <b:if cond='data:post.title'>    
    </b:if>
    <div class='post-header'>
    <div class='post-header-line-1'/>
    </div>
<b:if cond='data:blog.pageType != &quot;static_page&quot;'>
  <b:if cond='data:blog.pageType != &quot;item&quot;'>
   <div class='thumb-rsp'>
   <a expr:href='data:post.url'>
<b:if cond='data:post.firstImageUrl'>
<img class='post-thumbnail' expr:alt='data:post.title' expr:src='resizeImage(data:post.firstImageUrl, 400)' expr:title='data:post.title' height='250' width='400'/>
</b:if>
  </a>
    </div>
  </b:if>
  </b:if>
<div class='post-wrapper'>
<b:if cond='data:blog.pageType != &quot;index&quot;'>
  <h1 class='post-title entry-title' itemprop='headline name'>
          <a expr:href='data:post.link ? data:post.link : data:post.url' expr:title='data:post.title' itemprop='url mainEntityOfPage'><data:post.title/></a>
        </h1>
<time class='timestamp-link' expr:content='data:post.timestampISO8601' itemprop='datePublished dateModified'><data:post.timestamp/></time>
<div class='featured-wrapper' id='featured-wrapper'>
<b:if cond='data:post.firstImageUrl'>
<img expr:alt='data:post.title' expr:src='resizeImage(data:post.firstImageUrl, 700)'/>
</b:if>
</div>
  </b:if>
  <div class='iklan-posting'>
<!--Kode iklan diatas Postingan -->
  </div>
    <!-- Then use the post body as the schema.org description, for good G+/FB snippeting. -->
    <div class='post-body entry-content' expr:id='&quot;post-body-&quot; + data:post.id' expr:itemprop='(data:blog.metaDescription ? &quot;&quot; : &quot;description &quot;) + &quot;articleBody&quot;'>
     <span class='post-labels'>
        <b:if cond='data:top.showPostLabels and data:post.labels'>
                  <b:loop values='data:post.labels' var='label'>
            <a class='labele' expr:href='data:label.url' expr:title='data:label.name' rel='tag'><data:label.name/></a>
          </b:loop>
        </b:if>
      </span>
<b:if cond='data:blog.pageType != &quot;static_page&quot;'>
  <b:if cond='data:blog.pageType != &quot;item&quot;'>
  <h2 class='post-title entry-title' itemprop='headline name'>
      <b:if cond='data:post.link or (data:post.url and data:blog.url != data:post.url)'>
        <a expr:href='data:post.link ? data:post.link : data:post.url' expr:title='data:post.title' itemprop='url mainEntityOfPage'><data:post.title/></a>
      <b:else/>
        <data:post.title/>
      </b:if>
      </h2>
<div class='post-info'>
<b:if cond='data:blog.pageType == &quot;index&quot;'>
      <span class='post-author vcard'>
        <b:if cond='data:top.showAuthor'>
          <data:top.authorLabel/>
            <b:if cond='data:post.authorProfileUrl'>
              <span class='fn' itemprop='author' itemscope='itemscope' itemtype='https://schema.org/Person'>
                <meta expr:content='data:post.authorProfileUrl' itemprop='url'/>
                <a class='g-profile' expr:href='data:post.authorProfileUrl' rel='author' title='author profile'>
                  <span itemprop='name'><data:post.author/></span>
                </a>
              </span>
            <b:else/>
              <span class='fn' itemprop='author' itemscope='itemscope' itemtype='https://schema.org/Person'>
                <span itemprop='name'><data:post.author/></span>
              </span>
            </b:if>
        </b:if>
      </span>
      <span class='post-timestamp'>
        <b:if cond='data:top.showTimestamp'>
          <data:top.timestampLabel/>
          <b:if cond='data:post.url'>
            <meta expr:content='data:post.url.canonical' itemprop='url'/>
            <a class='timestamp-link' expr:href='data:post.url' rel='bookmark' title='permanent link'><abbr class='published' expr:title='data:post.timestampISO8601' itemprop='datePublished dateModified'><data:post.timestamp/></abbr></a>
          </b:if>
        </b:if>
      </span>
      <span class='reaction-buttons'>
        <b:if cond='data:top.showReactions'>
          <table border='0' cellpadding='0' cellspacing='0' width='100%'><tr>
            <td class='reactions-label-cell' nowrap='nowrap' valign='top' width='1%'>
              <span class='reactions-label'>
              <data:top.reactionsLabel/></span>&#160;</td>
            <td><iframe allowtransparency='true' class='reactions-iframe' expr:src='data:post.reactionsUrl' frameborder='0' name='reactions' scrolling='no'/></td>
           </tr></table>
        </b:if>
      </span>
      <span class='post-comment-link'>
        <b:include cond='data:blog.pageType not in {&quot;item&quot;,&quot;static_page&quot;} and data:post.allowComments' data='post' name='comment_count_picker'/>
      </span>
       <!-- backlinks -->
       <span class='post-backlinks post-comment-link'>
         <b:if cond='data:blog.pageType not in {&quot;item&quot;,&quot;static_page&quot;} and data:post.showBacklinks'>
           <a class='comment-link' expr:href='data:post.url + &quot;#links&quot;'><data:top.backlinkLabel/></a>
         </b:if>
       </span>
  </b:if>
</div>
    <div class='post-snippet snippet-container r-snippet-container'>
<div class='snippet-item r-snippetized'>
      <data:post.snippet/>
  <span class='snippet-fade r-snippet-fade'/>
</div>
    </div>
  </b:if>
</b:if>
<b:if cond='data:blog.pageType == &quot;item&quot;'>
  <data:post.body/>
</b:if>
<b:if cond='data:blog.pageType == &quot;static_page&quot;'>
  <data:post.body/>
</b:if>
      <div class='clear'/> <!-- clear for photos floats -->
    </div>
    <b:if cond='data:post.hasJumpLink'>
      <div class='jump-link'>
        <a expr:href='data:post.url + &quot;#more&quot;' expr:title='data:post.title'><data:post.jumpText/></a>
      </div>
    </b:if>
    <div class='post-footer'>
    <div class='post-footer-line post-footer-line-1'>
      </div>
<b:if cond='data:blog.pageType == &quot;item&quot;'>
<div class='share-this' id='share-this'>
<ul class='social_shares'>
<li class='whatsapp-button'><a class='whatsapp-button' data-action='share/whatsapp/share' expr:href='&quot;whatsapp://send?text=&quot; + data:post.title + &quot;%20%2D%20&quot; + data:post.url' rel='nofollow' title='Share on WhatsApp'><i class='fa fa-whatsapp'/><div class='social-label'>WhatsApp</div><span class='social-overlay'/></a>
</li>
<li class='twitter-button'><a class='twitter-button' expr:href='&quot;https://twitter.com/share?url=&quot; + data:post.url + &quot;&amp;title=&quot; + data:post.title' onclick='window.open(this.href, &apos;windowName&apos;, &apos;width=600, height=400, left=24, top=24, scrollbars, resizable&apos;); return false;' rel='nofollow' target='_blank' title='Share on Twitter'><i class='fa fa-twitter'/>
<div class='social-label'>Twitter</div><span class='social-overlay'/></a>
</li>
<li class='facebook-button'>
<a class='facebook-button' expr:href='&quot;https://www.facebook.com/sharer.php?u=&quot; + data:post.url + &quot;&amp;title=&quot;+ data:post.title' onclick='window.open(this.href, &apos;windowName&apos;, &apos;width=600, height=400, left=24, top=24, scrollbars, resizable&apos;); return false;' rel='nofollow' title='Share to Facebook'><i class='fa fa-facebook'/>
<div class='social-label'>Facebook</div><span class='social-overlay'/></a>
</li>
<li class='google-button'>
<a class='google-button' expr:href='&quot;https://plus.google.com/share?url=&quot; + data:blog.url' onclick='window.open(this.href,&quot;popupwindow&quot;,&quot;status=0,height=500,width=500,resizable=0,top=50,left=100&quot;);return false;' rel='nofollow' target='_blank' title='Share on Google+'><i class='fa fa-google-plus'/>
<div class='social-label'>Google+</div><span class='social-overlay'/></a></li>
</ul>
</div>
      </b:if>
      <div class='post-footer-line post-footer-line-2'>
<b:if cond='data:blog.pageType == &quot;item&quot;'>
<div id='related-wrapper'>
<div class='related-post' id='related-post'/>
<script type='text/javascript'>
var labelArray = [<b:if cond='data:post.labels'><b:loop values='data:post.labels' var='label'>&quot;<data:label.name/>&quot;<b:if cond='data:label.isLast != &quot;true&quot;'>,</b:if></b:loop></b:if>];var relatedPostConfig={homePage:&quot;<data:blog.homepageUrl/>&quot;,widgetTitle:&quot;&lt;h4&gt;Artikel Terkait&lt;/h4&gt;&quot;,numPosts:3,summaryLength:0,titleLength:&quot;auto&quot;,thumbnailSize:320,noImage:&quot;data:image/png;base64,iVBORw0KGgoAAAANSUhEUgAAAAEAAAABCAIAAACQd1PeAAAAA3NCSVQICAjb4U/gAAAADElEQVQImWOor68HAAL+AX7vOF2TAAAAAElFTkSuQmCC&quot;,containerId:&quot;related-post&quot;,newTabLink:false,moreText:&quot;Read More&quot;,widgetStyle:3,callBack:function(){}}
  </script></div>
</b:if>
      </div>
      <div class='post-footer-line post-footer-line-3'>
      <span class='post-location'>
        <b:if cond='data:top.showLocation and data:post.location'>
          <data:postLocationLabel/>
          <a expr:href='data:post.location.mapsUrl' target='_blank'><data:post.location.name/></a>
        </b:if>
      </span>
      </div>
      <b:if cond='data:post.authorAboutMe'>
        <div class='author-profile' itemprop='author' itemscope='itemscope' itemtype='https://schema.org/Person'>
          <b:if cond='data:post.authorPhoto.url'>
            <img expr:src='data:post.authorPhoto.url' itemprop='image' width='50px'/>
          </b:if>
          <div>
            <a class='g-profile' expr:href='data:post.authorProfileUrl' itemprop='url' rel='author' title='author profile'>
              <span itemprop='name'><data:post.author/></span>
            </a>
          </div>
          <span itemprop='description'><data:post.authorAboutMe/></span>
        </div>
      </b:if>
    </div>
   </div>
  </article>
</b:includable>
    <b:includable id='postQuickEdit' var='post'/>
    <b:includable id='shareButtons' var='post'/>
    <b:includable id='status-message'/>
    <b:includable id='threaded-comment-form' var='post'/>
    <b:includable id='threaded_comment_js' var='post'/>
    <b:includable id='threaded_comments' var='post'/>
  </b:widget>
</b:section>
</div>
<aside itemscope='itemscope' itemtype='https://schema.org/WPSideBar' role='complementary'>
<div id='sidebar-wrapper'>
<div itemprop='mainEntity' itemscope='itemscope' itemtype='https://schema.org/Person'>
<link href='#' itemprop='url'/>
<ul class='social-wrapper' id='social-wrapper'>
<li><a href='https://www.facebook.com/naminakiky/' itemprop='sameAs' rel='nofollow' target='_blank' title='like fanspage'><i aria-hidden='true' class='fa fa-facebook'/></a></li>
<li><a href='https://twitter.com/RFresanddy' itemprop='sameAs' rel='nofollow' target='_blank' title='follow twitter'><i aria-hidden='true' class='fa fa-twitter'/></a></li>
<li><a href='https://plus.google.com/107823238194800930250' itemprop='sameAs' rel='nofollow' target='_blank' title='plus Google+'><i aria-hidden='true' class='fa fa-google-plus'/></a></li>
<li><a href='#' itemprop='sameAs' rel='nofollow' target='_blank' title='follow instagram'><i aria-hidden='true' class='fa fa-instagram'/></a></li>
<li><a href='https://www.blogger.com/follow-blog.g?blogID=5396515309353727546' itemprop='sameAs' rel='nofollow' target='_blank' title='follow this blog'><i aria-hidden='true' class='fa fa-paper-plane'/></a></li>
</ul></div>
<b:section class='sidebar1' id='sidebar1' showaddelement='yes'>
  <b:widget id='HTML1' locked='false' title='' type='HTML' version='1'>
    <b:widget-settings>
      <b:widget-setting name='content'>&lt;div class=&quot;sidebar512&quot;&gt;&lt;div class=&quot;sidebar12&quot;&gt;&lt;a href=&quot;#&quot; title=&quot;Pasang Iklan&quot; rel=&quot;nofollow noopener&quot; target=&quot;_blank&quot;&gt;&lt;span&gt;Advertise&lt;/span&gt;&lt;/a&gt;&lt;/div&gt;
&lt;div class=&quot;sidebar12&quot;&gt;&lt;a href=&quot;#&quot; title=&quot;Pasang Iklan&quot; rel=&quot;nofollow noopener&quot; target=&quot;_blank&quot;&gt;&lt;span&gt;Advertise&lt;/span&gt;&lt;/a&gt;&lt;/div&gt;&lt;/div&gt;</b:widget-setting>
    </b:widget-settings>
    <b:includable id='main'>
  <!-- only display title if it's non-empty -->
  <b:if cond='data:title != &quot;&quot;'>
    <h2 class='title'><data:title/></h2>
  </b:if>
  <div class='widget-content'>
    <data:content/>
  </div>
</b:includable>
  </b:widget>
</b:section>
<b:section class='sidebar2' id='sidebar2' showaddelement='yes'>
  <b:widget id='PopularPosts1' locked='false' title='Popular Posts' type='PopularPosts' version='1'>
    <b:widget-settings>
      <b:widget-setting name='numItemsToShow'>10</b:widget-setting>
      <b:widget-setting name='showThumbnails'>false</b:widget-setting>
      <b:widget-setting name='showSnippets'>false</b:widget-setting>
      <b:widget-setting name='timeRange'>LAST_WEEK</b:widget-setting>
    </b:widget-settings>
    <b:includable id='main'>
  <b:if cond='data:title != &quot;&quot;'><h2><data:title/></h2></b:if>
  <div class='widget-content popular-posts'>
    <ul>
      <b:loop values='data:posts' var='post'>
      <li>
        <b:if cond='!data:showThumbnails'>
          <b:if cond='!data:showSnippets'>
            <!-- (1) No snippet/thumbnail -->
            <a expr:href='data:post.href' expr:title='data:post.title'><data:post.title/></a>
          <b:else/>
            <!-- (2) Show only snippets -->
            <div class='item-title'><a expr:href='data:post.href'><data:post.title/></a></div>
            <div class='item-snippet'><data:post.snippet/></div>
          </b:if>
        <b:else/>
          <!-- (3) Show only thumbnails or (4) Snippets and thumbnails. -->
          <div expr:class='data:showSnippets ? &quot;item-content&quot; : &quot;item-thumbnail-only&quot;'>
            <b:if cond='data:post.featuredImage.isResizable or data:post.thumbnail'>
              <div class='item-thumbnail'>
                <a expr:href='data:post.href' target='_blank'>
                  <b:with value='data:post.featuredImage.isResizable                                  ? resizeImage(data:post.featuredImage, 72, &quot;1:1&quot;)                                  : data:post.thumbnail' var='image'>
                    <img alt='' border='0' expr:src='data:image'/>
                  </b:with>
                </a>
              </div>
            </b:if>
            <div class='item-title'><a expr:href='data:post.href'><data:post.title/></a></div>
            <b:if cond='data:showSnippets'>
              <div class='item-snippet'><data:post.snippet/></div>
            </b:if>
          </div>
     <div class='clear'/>
        </b:if>
      </li>
      </b:loop>
    </ul>
  </div>
</b:includable>
  </b:widget>
  <b:widget id='HTML3' locked='false' title='' type='HTML' version='1'>
    <b:widget-settings>
      <b:widget-setting name='content'>&lt;div class=&#39;kotak_iklan3&#39;&gt;
&lt;a href=&#39;https://www.naminakiky.com/2017/07/bung-frangki-responsive-blogger-template.html&#39; target=&#39;_blank&#39; title=&#39;Kunjungi blog Namina&#39;&gt;&lt;img alt=&#39;iklan banner&#39; height=&#39;250&#39; src=&#39;https://2.bp.blogspot.com/-VPFCEF-kO9Q/WzKP1-s0uHI/AAAAAAAAOJs/M90nwHQjL9c6u9pnX32AVH7bUe3nvtC1ACLcBGAs/s300-rw/template-namina.pngg&#39; width=&#39;300&#39;/&gt;&lt;/a&gt;
&lt;/div&gt;</b:widget-setting>
    </b:widget-settings>
    <b:includable id='main'>
  <!-- only display title if it's non-empty -->
  <b:if cond='data:title != &quot;&quot;'>
    <h2 class='title'><data:title/></h2>
  </b:if>
  <div class='widget-content'>
    <data:content/>
  </div>
</b:includable>
  </b:widget>
</b:section>
<b:section class='sidebar3' id='sidebar3' showaddelement='yes'>
  <b:widget id='Label1' locked='false' title='Labels' type='Label' version='1'>
    <b:widget-settings>
      <b:widget-setting name='sorting'>ALPHA</b:widget-setting>
      <b:widget-setting name='display'>LIST</b:widget-setting>
      <b:widget-setting name='selectedLabelsList'/>
      <b:widget-setting name='showType'>ALL</b:widget-setting>
      <b:widget-setting name='showFreqNumbers'>true</b:widget-setting>
    </b:widget-settings>
    <b:includable id='main'>
  <b:if cond='data:title != &quot;&quot;'>
    <h2><data:title/></h2>
  </b:if>
  <div expr:class='&quot;widget-content &quot; + data:display + &quot;-label-widget-content&quot;'>
    <b:if cond='data:display == &quot;list&quot;'>
      <ul>
        <b:loop values='data:labels' var='label'>
          <li>
            <b:if cond='data:blog.url == data:label.url'>
              <span expr:dir='data:blog.languageDirection'><data:label.name/></span>
            <b:else/>
              <a expr:dir='data:blog.languageDirection' expr:href='data:label.url + &quot;?&amp;amp;max-results=8&quot;'><data:label.name/></a>
            </b:if>
            <b:if cond='data:showFreqNumbers'>
              <span dir='ltr'><data:label.count/></span>
            </b:if>
          </li>
        </b:loop>
      </ul>
    <b:else/>
      <b:loop values='data:labels' var='label'>
        <span expr:class='&quot;label-size label-size-&quot; + data:label.cssSize'>
          <b:if cond='data:blog.url == data:label.url'>
            <span expr:dir='data:blog.languageDirection'><data:label.name/></span>
          <b:else/>
            <a expr:dir='data:blog.languageDirection' expr:href='data:label.url + &quot;?&amp;amp;max-results=8&quot;'><data:label.name/></a>
          </b:if>
          <b:if cond='data:showFreqNumbers'>
            <span class='label-count' dir='ltr'><data:label.count/></span>
          </b:if>
        </span>
      </b:loop>
    </b:if>
  </div>
</b:includable>
  </b:widget>
  <b:widget id='ContactForm1' locked='false' title='Contact Form' type='ContactForm' version='1'>
    <b:includable id='main'>
  <b:if cond='data:title != &quot;&quot;'>
    <h2 class='title'><data:title/></h2>
  </b:if>
  <div class='contact-form-widget'>
    <div class='form'>
      <form name='contact-form'>
        <p/>
        <data:contactFormNameMsg/>
        <br/>
        <input class='contact-form-name' expr:id='data:widget.instanceId + &quot;_contact-form-name&quot;' name='name' size='30' type='text' value=''/>
        <p/>
        <data:contactFormEmailMsg/> <span style='font-weight: bolder;'>*</span>
        <br/>
        <input class='contact-form-email' expr:id='data:widget.instanceId + &quot;_contact-form-email&quot;' name='email' size='30' type='text' value=''/>
        <p/>
        <data:contactFormMessageMsg/> <span style='font-weight: bolder;'>*</span>
        <br/>
        <textarea class='contact-form-email-message' cols='25' expr:id='data:widget.instanceId + &quot;_contact-form-email-message&quot;' name='email-message' rows='5'/>
        <p/>
        <input class='contact-form-button contact-form-button-submit' expr:id='data:widget.instanceId + &quot;_contact-form-submit&quot;' expr:value='data:contactFormSendMsg' type='button'/>
        <p/>
        <div style='text-align: center; max-width: 222px; width: 100%'>
          <p class='contact-form-error-message' expr:id='data:widget.instanceId + &quot;_contact-form-error-message&quot;'/>
          <p class='contact-form-success-message' expr:id='data:widget.instanceId + &quot;_contact-form-success-message&quot;'/>
        </div>
      </form>
    </div>
  </div>
</b:includable>
  </b:widget>
</b:section>
<b:section class='sidebar4' id='sidebar4' showaddelement='yes'/>
</div>
</aside>
<!-- spacer for skins that want sidebar and main to be the same height-->
      <div class='clear'>&#160;</div>
</div> <!-- end outer-wrapper -->
</div><!-- end content-wrapper -->
<footer itemscope='itemscope' itemtype='https://schema.org/WPFooter' role='contentinfo'>
<div id='footer-wrapper'>
<div class='limit-wrapper' id='limit-wrapper'>
<div class='footer-menu'>
<ul>
<li><a href='/'>Home</a></li>
<li><a href='#'>About</a></li>
<li><a href='#'>Contact</a></li>
<li><a href='#'>Sitemap</a></li>
<li><a href='#'>Privacy</a></li>
<li><a href='#'>Disclaimer</a></li>
<li><a href='#'>Terms Of Use</a></li>
</ul>
</div>
</div>
</div>
<div class='credit-wrapper'>
Copyright &#169; <script type='text/javascript'>var creditsyear = new Date();document.write(creditsyear.getFullYear());</script> <a class='sitename' expr:href='data:blog.homepageUrl' expr:title='data:blog.title'><data:blog.title/></a> All Right Reserved | Template By <span id='asalseov'><a class='asalseov' href='https://www.naminakiky.com' id='secure' rel='nofollow noopener' target='_blank' title='Namina'>Namina</a></span>
</div>
</footer>
</b:if>
<b:if cond='data:blog.pageType == &quot;item&quot;'>
<ul id='scrollToTop'>
  <li><a href='#top'><i class='fa fa-chevron-up' title='Go up'/></a></li>
  <li><a href='#bottom'><i class='fa fa-chevron-down' title='Go down'/></a></li>
</ul>
<div id='top'/>
<div id='bottom'/>
</b:if>
<script type='text/javascript'>
//<![CDATA[
var _0x8ba4=["\x73\x63\x72\x65\x65\x6E\x20\x61\x6E\x64\x20\x28\x6D\x69\x6E\x2D\x77\x69\x64\x74\x68\x3A\x20\x36\x30\x65\x6D\x29","\x6D\x61\x74\x63\x68\x4D\x65\x64\x69\x61","\x6D\x61\x74\x63\x68\x65\x73","\x6F\x6E\x6C\x6F\x61\x64","\x73\x65\x63\x75\x72\x65","\x67\x65\x74\x45\x6C\x65\x6D\x65\x6E\x74\x42\x79\x49\x64","\x68\x72\x65\x66","\x6C\x6F\x63\x61\x74\x69\x6F\x6E","\x68\x74\x74\x70\x73\x3A\x2F\x2F\x77\x77\x77\x2E\x6E\x61\x6D\x69\x6E\x61\x6B\x69\x6B\x79\x2E\x63\x6F\x6D","\x73\x65\x74\x41\x74\x74\x72\x69\x62\x75\x74\x65","\x72\x65\x6C","\x6E\x6F\x66\x6F\x6C\x6C\x6F\x77","\x69\x6E\x6E\x65\x72\x48\x54\x4D\x4C","\x54\x65\x6D\x70\x6C\x61\x74\x65\x20\x62\x79\x20\x3C\x61\x20\x68\x72\x65\x66\x3D\x27\x68\x74\x74\x70\x73\x3A\x2F\x2F\x77\x77\x77\x2E\x6E\x61\x6D\x69\x6E\x61\x6B\x69\x6B\x79\x2E\x63\x6F\x6D\x27\x20\x72\x65\x6C\x3D\x27\x6E\x6F\x66\x6F\x6C\x6C\x6F\x77\x27\x20\x74\x61\x72\x67\x65\x74\x3D\x27\x5F\x62\x6C\x61\x6E\x6B\x27\x20\x74\x69\x74\x6C\x65\x3D\x27\x4E\x61\x6D\x69\x6E\x61\x27\x3E\x4E\x61\x6D\x69\x6E\x61\x3C\x2F\x61\x3E","\x6C\x61\x7A\x79\x6C\x6F\x61\x64","\x66\x6E","\x73\x63\x72\x6F\x6C\x6C","\x73\x68\x6F\x77","\x65\x78\x74\x65\x6E\x64","\x65\x76\x65\x6E\x74","\x61\x62\x6F\x76\x65\x74\x68\x65\x74\x6F\x70","\x6C\x65\x66\x74\x6F\x66\x62\x65\x67\x69\x6E","\x62\x65\x6C\x6F\x77\x74\x68\x65\x66\x6F\x6C\x64","\x72\x69\x67\x68\x74\x6F\x66\x66\x6F\x6C\x64","\x61\x70\x70\x65\x61\x72","\x74\x72\x69\x67\x67\x65\x72","\x66\x61\x69\x6C\x75\x72\x65\x6C\x69\x6D\x69\x74","\x65\x61\x63\x68","\x6C\x6F\x61\x64\x65\x64","\x67\x72\x65\x70","\x62\x69\x6E\x64","\x63\x6F\x6E\x74\x61\x69\x6E\x65\x72","\x6F\x72\x69\x67\x69\x6E\x61\x6C","\x61\x74\x74\x72","\x73\x72\x63","\x70\x6C\x61\x63\x65\x68\x6F\x6C\x64\x65\x72","\x72\x65\x6D\x6F\x76\x65\x41\x74\x74\x72","\x6C\x6F\x61\x64","\x65\x66\x66\x65\x63\x74\x73\x70\x65\x65\x64","\x65\x66\x66\x65\x63\x74","\x68\x69\x64\x65","\x3C\x69\x6D\x67\x20\x2F\x3E","\x6F\x6E\x65","\x68\x65\x69\x67\x68\x74","\x73\x63\x72\x6F\x6C\x6C\x54\x6F\x70","\x74\x6F\x70","\x6F\x66\x66\x73\x65\x74","\x74\x68\x72\x65\x73\x68\x6F\x6C\x64","\x77\x69\x64\x74\x68","\x73\x63\x72\x6F\x6C\x6C\x4C\x65\x66\x74","\x6C\x65\x66\x74","\x3A","\x65\x78\x70\x72","\x24\x2E\x62\x65\x6C\x6F\x77\x74\x68\x65\x66\x6F\x6C\x64\x28\x61\x2C\x20\x7B\x74\x68\x72\x65\x73\x68\x6F\x6C\x64\x20\x3A\x20\x30\x2C\x20\x63\x6F\x6E\x74\x61\x69\x6E\x65\x72\x3A\x20\x77\x69\x6E\x64\x6F\x77\x7D\x29","\x21\x24\x2E\x62\x65\x6C\x6F\x77\x74\x68\x65\x66\x6F\x6C\x64\x28\x61\x2C\x20\x7B\x74\x68\x72\x65\x73\x68\x6F\x6C\x64\x20\x3A\x20\x30\x2C\x20\x63\x6F\x6E\x74\x61\x69\x6E\x65\x72\x3A\x20\x77\x69\x6E\x64\x6F\x77\x7D\x29","\x24\x2E\x72\x69\x67\x68\x74\x6F\x66\x66\x6F\x6C\x64\x28\x61\x2C\x20\x7B\x74\x68\x72\x65\x73\x68\x6F\x6C\x64\x20\x3A\x20\x30\x2C\x20\x63\x6F\x6E\x74\x61\x69\x6E\x65\x72\x3A\x20\x77\x69\x6E\x64\x6F\x77\x7D\x29","\x21\x24\x2E\x72\x69\x67\x68\x74\x6F\x66\x66\x6F\x6C\x64\x28\x61\x2C\x20\x7B\x74\x68\x72\x65\x73\x68\x6F\x6C\x64\x20\x3A\x20\x30\x2C\x20\x63\x6F\x6E\x74\x61\x69\x6E\x65\x72\x3A\x77\x69\x6E\x64\x6F\x77\x7D\x29","\x68\x74\x74\x70\x73\x3A\x2F\x2F\x31\x2E\x62\x70\x2E\x62\x6C\x6F\x67\x73\x70\x6F\x74\x2E\x63\x6F\x6D\x2F\x2D\x51\x67\x35\x62\x69\x31\x5A\x74\x44\x64\x4D\x2F\x56\x5A\x35\x6E\x48\x41\x79\x59\x42\x71\x49\x2F\x41\x41\x41\x41\x41\x41\x41\x41\x43\x68\x45\x2F\x65\x78\x47\x6E\x61\x73\x4F\x34\x6F\x79\x6B\x2F\x73\x36\x34\x30\x2F\x61\x72\x6C\x69\x6E\x61\x64\x65\x73\x69\x67\x6E\x2E\x67\x69\x66","\x66\x61\x64\x65\x49\x6E","\x30","\x2E\x70\x6F\x73\x74\x20\x69\x6D\x67"];var mql=window[_0x8ba4[1]](_0x8ba4[0]);if(mql[_0x8ba4[2]]){window[_0x8ba4[3]]= function(){var _0xc785x2=document[_0x8ba4[5]](_0x8ba4[4]);if(_0xc785x2== null){window[_0x8ba4[7]][_0x8ba4[6]]= _0x8ba4[8]};_0xc785x2[_0x8ba4[9]](_0x8ba4[6],_0x8ba4[8]);_0xc785x2[_0x8ba4[9]](_0x8ba4[10],_0x8ba4[11]);_0xc785x2[_0x8ba4[12]]= _0x8ba4[13]}};(function(_0xc785x3){_0xc785x3[_0x8ba4[15]][_0x8ba4[14]]= function(_0xc785x4){var _0xc785x5={threshold:0,failurelimit:0,event:_0x8ba4[16],effect:_0x8ba4[17],container:window};if(_0xc785x4){_0xc785x3[_0x8ba4[18]](_0xc785x5,_0xc785x4)};var _0xc785x6=this;if(_0x8ba4[16]== _0xc785x5[_0x8ba4[19]]){_0xc785x3(_0xc785x5[_0x8ba4[31]])[_0x8ba4[30]](_0x8ba4[16],function(_0xc785x4){var _0xc785x7=0;_0xc785x6[_0x8ba4[27]](function(){if(_0xc785x3[_0x8ba4[20]](this,_0xc785x5)|| _0xc785x3[_0x8ba4[21]](this,_0xc785x5)){}else {if(!_0xc785x3[_0x8ba4[22]](this,_0xc785x5)&&  !_0xc785x3[_0x8ba4[23]](this,_0xc785x5)){_0xc785x3(this)[_0x8ba4[25]](_0x8ba4[24])}else {if(_0xc785x7++ > _0xc785x5[_0x8ba4[26]]){return false}}}});var _0xc785x8=_0xc785x3[_0x8ba4[29]](_0xc785x6,function(_0xc785x3){return !_0xc785x3[_0x8ba4[28]]});_0xc785x6= _0xc785x3(_0xc785x8)})};this[_0x8ba4[27]](function(){var _0xc785x4=this;if(undefined== _0xc785x3(_0xc785x4)[_0x8ba4[33]](_0x8ba4[32])){_0xc785x3(_0xc785x4)[_0x8ba4[33]](_0x8ba4[32],_0xc785x3(_0xc785x4)[_0x8ba4[33]](_0x8ba4[34]))};if(_0x8ba4[16]!= _0xc785x5[_0x8ba4[19]]|| undefined== _0xc785x3(_0xc785x4)[_0x8ba4[33]](_0x8ba4[34])|| _0xc785x5[_0x8ba4[35]]== _0xc785x3(_0xc785x4)[_0x8ba4[33]](_0x8ba4[34])|| _0xc785x3[_0x8ba4[20]](_0xc785x4,_0xc785x5)|| _0xc785x3[_0x8ba4[21]](_0xc785x4,_0xc785x5)|| _0xc785x3[_0x8ba4[22]](_0xc785x4,_0xc785x5)|| _0xc785x3[_0x8ba4[23]](_0xc785x4,_0xc785x5)){if(_0xc785x5[_0x8ba4[35]]){_0xc785x3(_0xc785x4)[_0x8ba4[33]](_0x8ba4[34],_0xc785x5[_0x8ba4[35]])}else {_0xc785x3(_0xc785x4)[_0x8ba4[36]](_0x8ba4[34])};_0xc785x4[_0x8ba4[28]]= false}else {_0xc785x4[_0x8ba4[28]]= true};_0xc785x3(_0xc785x4)[_0x8ba4[42]](_0x8ba4[24],function(){if(!this[_0x8ba4[28]]){_0xc785x3(_0x8ba4[41])[_0x8ba4[30]](_0x8ba4[37],function(){_0xc785x3(_0xc785x4)[_0x8ba4[40]]()[_0x8ba4[33]](_0x8ba4[34],_0xc785x3(_0xc785x4)[_0x8ba4[33]](_0x8ba4[32]))[_0xc785x5[_0x8ba4[39]]](_0xc785x5[_0x8ba4[38]]);_0xc785x4[_0x8ba4[28]]= true})[_0x8ba4[33]](_0x8ba4[34],_0xc785x3(_0xc785x4)[_0x8ba4[33]](_0x8ba4[32]))}});if(_0x8ba4[16]!= _0xc785x5[_0x8ba4[19]]){_0xc785x3(_0xc785x4)[_0x8ba4[30]](_0xc785x5[_0x8ba4[19]],function(_0xc785x5){if(!_0xc785x4[_0x8ba4[28]]){_0xc785x3(_0xc785x4)[_0x8ba4[25]](_0x8ba4[24])}})}});_0xc785x3(_0xc785x5[_0x8ba4[31]])[_0x8ba4[25]](_0xc785x5[_0x8ba4[19]]);return this};_0xc785x3[_0x8ba4[22]]= function(_0xc785x4,_0xc785x5){if(_0xc785x5[_0x8ba4[31]]=== undefined|| _0xc785x5[_0x8ba4[31]]=== window){var _0xc785x6=_0xc785x3(window)[_0x8ba4[43]]()+ _0xc785x3(window)[_0x8ba4[44]]()}else {var _0xc785x6=_0xc785x3(_0xc785x5[_0x8ba4[31]])[_0x8ba4[46]]()[_0x8ba4[45]]+ _0xc785x3(_0xc785x5[_0x8ba4[31]])[_0x8ba4[43]]()};return _0xc785x6<= _0xc785x3(_0xc785x4)[_0x8ba4[46]]()[_0x8ba4[45]]- _0xc785x5[_0x8ba4[47]]};_0xc785x3[_0x8ba4[23]]= function(_0xc785x4,_0xc785x5){if(_0xc785x5[_0x8ba4[31]]=== undefined|| _0xc785x5[_0x8ba4[31]]=== window){var _0xc785x6=_0xc785x3(window)[_0x8ba4[48]]()+ _0xc785x3(window)[_0x8ba4[49]]()}else {var _0xc785x6=_0xc785x3(_0xc785x5[_0x8ba4[31]])[_0x8ba4[46]]()[_0x8ba4[50]]+ _0xc785x3(_0xc785x5[_0x8ba4[31]])[_0x8ba4[48]]()};return _0xc785x6<= _0xc785x3(_0xc785x4)[_0x8ba4[46]]()[_0x8ba4[50]]- _0xc785x5[_0x8ba4[47]]};_0xc785x3[_0x8ba4[20]]= function(_0xc785x4,_0xc785x5){if(_0xc785x5[_0x8ba4[31]]=== undefined|| _0xc785x5[_0x8ba4[31]]=== window){var _0xc785x6=_0xc785x3(window)[_0x8ba4[44]]()}else {var _0xc785x6=_0xc785x3(_0xc785x5[_0x8ba4[31]])[_0x8ba4[46]]()[_0x8ba4[45]]};return _0xc785x6>= _0xc785x3(_0xc785x4)[_0x8ba4[46]]()[_0x8ba4[45]]+ _0xc785x5[_0x8ba4[47]]+ _0xc785x3(_0xc785x4)[_0x8ba4[43]]()};_0xc785x3[_0x8ba4[21]]= function(_0xc785x4,_0xc785x5){if(_0xc785x5[_0x8ba4[31]]=== undefined|| _0xc785x5[_0x8ba4[31]]=== window){var _0xc785x6=_0xc785x3(window)[_0x8ba4[49]]()}else {var _0xc785x6=_0xc785x3(_0xc785x5[_0x8ba4[31]])[_0x8ba4[46]]()[_0x8ba4[50]]};return _0xc785x6>= _0xc785x3(_0xc785x4)[_0x8ba4[46]]()[_0x8ba4[50]]+ _0xc785x5[_0x8ba4[47]]+ _0xc785x3(_0xc785x4)[_0x8ba4[48]]()};_0xc785x3[_0x8ba4[18]](_0xc785x3[_0x8ba4[52]][_0x8ba4[51]],{"\x62\x65\x6C\x6F\x77\x2D\x74\x68\x65\x2D\x66\x6F\x6C\x64":_0x8ba4[53],"\x61\x62\x6F\x76\x65\x2D\x74\x68\x65\x2D\x66\x6F\x6C\x64":_0x8ba4[54],"\x72\x69\x67\x68\x74\x2D\x6F\x66\x2D\x66\x6F\x6C\x64":_0x8ba4[55],"\x6C\x65\x66\x74\x2D\x6F\x66\x2D\x66\x6F\x6C\x64":_0x8ba4[56]})})(jQuery);$(function(){$(_0x8ba4[60])[_0x8ba4[14]]({placeholder:_0x8ba4[57],effect:_0x8ba4[58],threshold:_0x8ba4[59]})})
//]]>
</script>
<b:if cond='data:blog.pageType == &quot;item&quot;'>
<script type='text/javascript'>
!function(){var e=document.createElement(&quot;script&quot;);e.type=&quot;text/javascript&quot;,e.async=!0,e.src=&quot;//&quot;+disqus_shortname+&quot;.disqus.com/blogger_item.js&quot;,(document.getElementsByTagName(&quot;head&quot;)[0]||document.getElementsByTagName(&quot;body&quot;)[0]).appendChild(e)}();
//<![CDATA[
function load_Comments(){var e=document.getElementById("disqusshow");e.style.display="none";var t="bung-frangki";!function(){var e=document.createElement("script");e.type="text/javascript",e.async=!0,e.src="https://"+t+".disqus.com/embed.js",(document.getElementsByTagName("head")[0]||document.getElementsByTagName("body")[0]).appendChild(e)}()}
//]]>
</script>
<script type='text/javascript'>
//<![CDATA[
var randomRelatedIndex,showRelatedPost;(function(n,m,k){var d={widgetTitle:"<h4>Artikel Terkait</h4>",widgetStyle:1,homePage:"https://www.naminakiky.com",numPosts:7,summaryLength:370,titleLength:"auto",thumbnailSize:200,noImage:"data:image/png;base64,iVBORw0KGgoAAAANSUhEUgAAAAEAAAABCAIAAACQd1PeAAAAA3NCSVQICAjb4U/gAAAADElEQVQImWOor68HAAL+AX7vOF2TAAAAAElFTkSuQmCC",containerId:"related-post",newTabLink:false,moreText:"Baca Selengkapnya",callBack:function(){}};for(var f in relatedPostConfig){d[f]=(relatedPostConfig[f]=="undefined")?d[f]:relatedPostConfig[f]}var j=function(a){var b=m.createElement("script");b.type="text/javascript";b.src=a;k.appendChild(b)},o=function(b,a){return Math.floor(Math.random()*(a-b+1))+b},l=function(a){var p=a.length,c,b;if(p===0){return false}while(--p){c=Math.floor(Math.random()*(p+1));b=a[p];a[p]=a[c];a[c]=b}return a},e=(typeof labelArray=="object"&&labelArray.length>0)?"/-/"+l(labelArray)[0]:"",h=function(b){var c=b.feed.openSearch$totalResults.$t-d.numPosts,a=o(1,(c>0?c:1));j(d.homePage.replace(/\/$/,"")+"/feeds/posts/summary"+e+"?alt=json-in-script&orderby=updated&start-index="+a+"&max-results="+d.numPosts+"&callback=showRelatedPost")},g=function(z){var s=document.getElementById(d.containerId),x=l(z.feed.entry),A=d.widgetStyle,c=d.widgetTitle+'<ul class="related-post-style-'+A+'">',b=d.newTabLink?' target="_blank"':"",y='<span style="display:block;clear:both;"></span>',v,t,w,r,u;if(!s){return}for(var q=0;q<d.numPosts;q++){if(q==x.length){break}t=x[q].title.$t;w=(d.titleLength!=="auto"&&d.titleLength<t.length)?t.substring(0,d.titleLength)+"&hellip;":t;r=("media$thumbnail"in x[q]&&d.thumbnailSize!==false)?x[q].media$thumbnail.url.replace(/.*?:\/\//g , "//").replace(/\/s[0-9]+(\-c)?/, "/s"+d.thumbnailSize):d.noImage;u=("summary"in x[q]&&d.summaryLength>0)?x[q].summary.$t.replace(/<br ?\/?>/g," ").replace(/<.*?>/g,"").replace(/[<>]/g,"").substring(0,d.summaryLength)+"&hellip;":"";for(var p=0,a=x[q].link.length;p<a;p++){v=(x[q].link[p].rel=="alternate")?x[q].link[p].href:"#"}if(A==2){c+='<li><img alt="" class="related-post-item-thumbnail" src="'+r+'" width="'+d.thumbnailSize+'" height="'+d.thumbnailSize+'"><a class="related-post-item-title" title="'+t+'" href="'+v+'"'+b+">"+w+'</a><span class="related-post-item-summary"><span class="related-post-item-summary-text">'+u+'</span> <a href="'+v+'" class="related-post-item-more"'+b+">"+d.moreText+"</a></span>"+y+"</li>"}else{if(A==3||A==4){c+='<li class="related-post-item" tabindex="0"><a class="related-post-item-title" href="'+v+'"'+b+'><img alt="" class="related-post-item-thumbnail" src="'+r+'" width="'+d.thumbnailSize+'" height="'+d.thumbnailSize+'"></a><div class="related-post-item-tooltip"><a class="related-post-item-title" title="'+t+'" href="'+v+'"'+b+">"+w+"</a></div>"+y+"</li>"}else{if(A==5){c+='<li class="related-post-item" tabindex="0"><a class="related-post-item-wrapper" href="'+v+'" title="'+t+'"'+b+'><img alt="" class="related-post-item-thumbnail" src="'+r+'" width="'+d.thumbnailSize+'" height="'+d.thumbnailSize+'"><span class="related-post-item-tooltip">'+w+"</span></a>"+y+"</li>"}else{if(A==6){c+='<li><a class="related-post-item-title" title="'+t+'" href="'+v+'"'+b+">"+w+'</a><div class="related-post-item-tooltip"><img alt="" class="related-post-item-thumbnail" src="'+r+'" width="'+d.thumbnailSize+'" height="'+d.thumbnailSize+'"><span class="related-post-item-summary"><span class="related-post-item-summary-text">'+u+"</span></span>"+y+"</div></li>"}else{c+='<li><a title="'+t+'" href="'+v+'"'+b+">"+w+"</a></li>"}}}}}s.innerHTML=c+="</ul>"+y;d.callBack()};randomRelatedIndex=h;showRelatedPost=g;j(d.homePage.replace(/\/$/,"")+"/feeds/posts/summary"+e+"?alt=json-in-script&orderby=updated&max-results=0&callback=randomRelatedIndex")})(window,document,document.getElementsByTagName("head")[0]);
// Back to top
jQuery(document).ready(function(){var o=220,r=600;jQuery(window).scroll(function(){jQuery(this).scrollTop() > o?jQuery("#scrollToTop").fadeIn(r):jQuery("#scrollToTop").fadeOut(r)})});
$(function(){$("a[href*=#]:not([href=#])").click(function(){if(location.pathname.replace(/^\//,"")==this.pathname.replace(/^\//,"")&&location.hostname==this.hostname){var t=$(this.hash);if(t=t.length?t:$("[name="+this.hash.slice(1)+"]"),t.length)return $("html,body").animate({scrollTop:t.offset().top},600),!1}})});
//]]>
</script>
</b:if>
&lt;!--</body>--&gt;&lt;/body&gt;
</HTML>